FechaCaja;NroCaja;Descripcion;Suma de Cantidad; Suma de Precio 
2/1/2026;362618;ACDC Doble;1; $ 14.800,00 
;;Beatle Doble 220g ;1; $ 14.200,00 
;;cambio x dip cheddar;; $ 900,00 
;;Charly Simple 110g;1; $ 10.500,00 
;;Clasic Doble 220g;6; $ 77.400,00 
;;Coca Cola 1.5 Lts;1; $ 4.300,00 
;;dip de cheddar;; $ 2.700,00 
;;ENVIO;; $ 11.700,00 
;;HC TRIPLE;1; $ 18.900,00 
;;Mala Fama Doble 220g;2; $ 31.200,00 
;;NUGGETS X12 + PAPAS + BBQ;1; $ 8.000,00 
;;Nugget's X6 ;; $ 2.800,00 
;;Papas con Cheddar;1; $ 7.600,00 
;;Papas Queen ;; $ 5.600,00 
;;PROMO 2-- 2 x Charly doble ;2; $ 42.200,00 
;;Lata Schweppes Pomelo Zero;1; $ 2.400,00 
;;Porcion Extra de Papas Medianas;; $ 2.000,00 
;362619;2 tostados AMERICANOS;1; $ 8.500,00 
;;2 tostados CLASSIC;1; $ 8.300,00 
;;ACDC Doble;7; $ 103.600,00 
;;ACDC Simple ;2; $ 23.600,00 
;;ACDC Triple;1; $ 18.100,00 
;;Agua 500cc;1; $ 2.100,00 
;;Alma Fuerte ;4; $ 48.000,00 
;;Andes Rubia;1; $ 3.000,00 
;;Aros de Cebolla 6 unid.;; $ 9.600,00 
;;AROS DE CEBOLLA X 12 + PAPAS + BBQ;3; $ 22.800,00 
;;Beatle Doble 220g ;10; $ 142.000,00 
;;Beatle Simple 110g ;1; $ 11.200,00 
;;BIZARRAP Session #1 ;2; $ 18.600,00 
;;BIZZARAP session #2;2; $ 18.600,00 
;;Bob marley Simple;1; $ 10.700,00 
;;cambio x dip cheddar;; $ 900,00 
;;Charly  Triple 330g;3; $ 50.400,00 
;;Charly Doble 220g ;4; $ 54.000,00 
;;Charly Simple 110g;2; $ 21.000,00 
;;Clasic Doble 220g;28; $ 361.200,00 
;;Clasic Simple 110g ;11; $ 108.900,00 
;;Clasic Triple 330g;7; $ 113.400,00 
;;COCA 500 ml;7; $ 16.800,00 
;;Coca Cola 1.5 Lts;7; $ 30.100,00 
;;Coca Cola Zero 1.5 Lts;2; $ 8.600,00 
;;dip de barbacoa;; $ 1.000,00 
;;dip de cheddar;; $ 5.400,00 
;;Eminem;1; $ 15.700,00 
;;ENVIO;; $ 102.700,00 
;;franui Chocolate con leche + chocolate blanco;3; $ 27.000,00 
;;Freestyle;5; $ 96.000,00 
;;Fried Onion Doble 220g;2; $ 28.800,00 
;;Gorillaz Doble;2; $ 30.600,00 
;;Gorillaz simple ;1; $ 12.300,00 
;;HC doble;7; $ 109.200,00 
;;HC simple;3; $ 37.800,00 
;;HC TRIPLE;1; $ 18.900,00 
;;Heineken 464ml;1; $ 3.700,00 
;;KIDS ROCK  (Ricosaurio x 4+ papas );1; $ 6.700,00 
;;KISS DOBLE;1; $ 14.500,00 
;;KISS SIMPLE;1; $ 11.500,00 
;;kiss triple;1; $ 17.800,00 
;;Levite de POMELO 1,5 L;3; $ 8.400,00 
;;MADONNA veggie;1; $ 10.900,00 
;;Mala Fama Doble 220g;7; $ 109.200,00 
;;Mala Fama Simple 110g ;9; $ 113.400,00 
;;Mala Fama Triple 330g ;3; $ 56.700,00 
;;NUGGETS X12 + PAPAS + BBQ;5; $ 40.000,00 
;;Nugget's X6 ;; $ 28.000,00 
;;Papas con Cheddar;; $ 16.000,00 
;;Papas Mercury;2; $ 21.800,00 
;;PAPAS QUEEN;7; $ 54.600,00 
;;Papas Queen ;; $ 42.000,00 
;;PROMO 1 -- 4 X Classic simple;8; $ 193.600,00 
;;PROMO 2-- 2 x Charly doble ;9; $ 189.900,00 
;;Red Hot DOBLE;2; $ 28.800,00 
;;Red Hot Simple 110g ;2; $ 22.800,00 
;;RESIDENTE DOBLE;6; $ 93.600,00 
;;RESIDENTE SIMPLE;1; $ 12.600,00 
;;RIHANNA ;3; $ 28.200,00 
;;Rolling Stone Doble 220g;1; $ 13.900,00 
;;SPRITE 500 ml ;2; $ 4.800,00 
;;Techno Chicken DOBLE ;1; $ 12.500,00 
;;Duko Simple;5; $ 58.500,00 
;;Duko Doble;6; $ 88.200,00 
;;Beatle Triple ;2; $ 35.000,00 
;;FANTA 500 ml;2; $ 4.800,00 
;;Porcion Extra de Papas Medianas;; $ 6.000,00 
;;John Lennon Mediana;2; $ 32.000,00 
;;John Lennon XL;5; $ 110.000,00 
;;Michael Jackson Mediana;1; $ 18.000,00 
;;Michael Jackson XL;1; $ 24.000,00 
;;Pink Floyd XL;1; $ 25.000,00 
;;Creedence XL;2; $ 54.000,00 
;;Empanada de Carne;5; $ 12.500,00 
;;Empanada de Pollo;1; $ 2.500,00 
;;Empanada de Jamon y Queso;10; $ 25.000,00 
;;6 empanadas;1; $ 13.000,00 
;;12 empanadas;1; $ 25.000,00 
;;3 empanadas;2; $ 14.000,00 
;;EXTRA CHEDDAR ;; $ 3.000,00 
3/1/2026;363618;2 tostados AMERICANOS;4; $ 34.000,00 
;;Alma Fuerte ;3; $ 36.000,00 
;;Beatle Doble 220g ;1; $ 14.200,00 
;;BIZARRAP Session #1 ;1; $ 9.300,00 
;;BIZZARAP session #2;2; $ 18.600,00 
;;Bob marley Simple;1; $ 10.700,00 
;;Charly Doble 220g ;1; $ 13.500,00 
;;Charly Simple 110g;1; $ 10.500,00 
;;Clasic Doble 220g;6; $ 77.400,00 
;;Clasic Simple 110g ;1; $ 9.900,00 
;;Coca Cola 1.5 Lts;2; $ 8.600,00 
;;dip de cheddar;; $ 2.700,00 
;;ENVIO;; $ 14.300,00 
;;franui Chocolate con leche + chocolate blanco;2; $ 18.000,00 
;;LEVITE 500ml;1; $ 2.100,00 
;;Mala Fama Doble 220g;1; $ 15.600,00 
;;Mala Fama Triple 330g ;1; $ 18.900,00 
;;MESA;;
;;NUGGETS X12 + PAPAS + BBQ;1; $ 8.000,00 
;;Nugget's X6 ;; $ 5.600,00 
;;Papas con Cheddar;1; $ 9.600,00 
;;Papas Mercury;1; $ 10.900,00 
;;RESIDENTE DOBLE;1; $ 15.600,00 
;;RESIDENTE SIMPLE;1; $ 12.600,00 
;;Rolling Stone Doble 220g;2; $ 27.800,00 
;;techno Chicken;1; $ 9.500,00 
;;Porcion Extra de Papas Medianas;; $ 2.000,00 
;363619;ACDC Doble;3; $ 44.400,00 
;;ACDC Simple ;5; $ 59.000,00 
;;ACDC Triple;1; $ 18.100,00 
;;Agua 500cc;3; $ 6.300,00 
;;Alma Fuerte ;5; $ 60.000,00 
;;Andes Rubia;5; $ 15.000,00 
;;Aros de Cebolla 6 unid.;; $ 19.200,00 
;;AROS DE CEBOLLA X 12 + PAPAS + BBQ;2; $ 15.200,00 
;;Beatle Doble 220g ;9; $ 127.800,00 
;;Beatle Simple 110g ;6; $ 67.200,00 
;;BIZARRAP Session #1 ;3; $ 27.900,00 
;;BIZZARAP session #2;1; $ 9.300,00 
;;cambio x dip cheddar;; $ 2.700,00 
;;Cerveza Andes IPA;2; $ 6.000,00 
;;Cerveza Andes Roja;7; $ 21.000,00 
;;Charly  Triple 330g;2; $ 33.600,00 
;;Charly Doble 220g ;5; $ 67.500,00 
;;Charly Simple 110g;4; $ 42.000,00 
;;Clasic Doble 220g;33; $ 425.700,00 
;;Clasic Simple 110g ;22; $ 217.800,00 
;;Clasic Triple 330g;7; $ 113.400,00 
;;COCA 500 ml;6; $ 14.400,00 
;;Coca Cola 1.5 Lts;10; $ 43.000,00 
;;dip de cheddar;; $ 2.700,00 
;;Eminem;1; $ 15.700,00 
;;ENVIO;; $ 133.900,00 
;;franui Chocolate con leche + chocolate blanco;2; $ 18.000,00 
;;Freestyle;3; $ 57.600,00 
;;Fried Onion Doble 220g;2; $ 28.800,00 
;;Gorillaz Doble;2; $ 30.600,00 
;;Gorillaz simple ;3; $ 36.900,00 
;;Gorillaz Triple;1; $ 18.600,00 
;;HC doble;15; $ 234.000,00 
;;HC TRIPLE;5; $ 94.500,00 
;;Heineken 464ml;14; $ 51.800,00 
;;KISS DOBLE;6; $ 87.000,00 
;;KISS SIMPLE;1; $ 11.500,00 
;;LADY GAGA;1; $ 9.400,00 
;;LEVITE 500ml;3; $ 6.300,00 
;;Levite de Manzana 1.5 lts;1; $ 2.800,00 
;;Levite de POMELO 1,5 L;2; $ 5.600,00 
;;MADONNA veggie;2; $ 21.800,00 
;;Mala Fama Doble 220g;18; $ 280.800,00 
;;Mala Fama Simple 110g ;8; $ 100.800,00 
;;Mala Fama Triple 330g ;3; $ 56.700,00 
;;NUGGETS X12 + PAPAS + BBQ;9; $ 72.000,00 
;;Nugget's X6 ;; $ 30.800,00 
;;Papas con Cheddar;4; $ 58.400,00 
;;PAPAS QUEEN;7; $ 54.600,00 
;;Papas Queen ;; $ 67.200,00 
;;PATRICIO REY DOBLE;1; $ 15.000,00 
;;PATRICIO REY SIMPLE;1; $ 12.000,00 
;;PROMO 1 -- 4 X Classic simple;10; $ 242.000,00 
;;PROMO 2-- 2 x Charly doble ;16; $ 337.600,00 
;;Red Hot DOBLE;8; $ 115.200,00 
;;Red Hot Simple 110g ;2; $ 22.800,00 
;;Red Hot Triple 330g ;2; $ 35.400,00 
;;RESIDENTE DOBLE;9; $ 140.400,00 
;;RESIDENTE SIMPLE;3; $ 37.800,00 
;;RIHANNA ;5; $ 47.000,00 
;;Rolling Stone Doble 220g;2; $ 27.800,00 
;;Rolling Stone Simple 110g ;1; $ 10.900,00 
;;SPRITE 500 ml ;3; $ 7.200,00 
;;techno Chicken;3; $ 28.500,00 
;;Duko Simple;4; $ 46.800,00 
;;Duko Doble;11; $ 161.700,00 
;;Duko Triple 330g ;9; $ 162.000,00 
;;Beatle Triple ;3; $ 52.500,00 
;;FANTA 500 ml;1; $ 2.400,00 
;;Porcion de Faina;; $ 3.000,00 
;;Lata Schweppes Pomelo Zero;1; $ 2.400,00 
;;Porcion Extra de Papas Medianas;; $ 12.000,00 
;;John Lennon Mediana;4; $ 64.000,00 
;;John Lennon XL;1; $ 22.000,00 
;;Michael Jackson Mediana;2; $ 36.000,00 
;;Pink Floyd Mediana;3; $ 57.000,00 
;;Pink Floyd XL;2; $ 50.000,00 
;;Creedence XL;1; $ 27.000,00 
;;Creedence Mediana ;1; $ 21.000,00 
;;Empanada de Pollo;1; $ 2.500,00 
;;Empanada de Jamon y Queso;13; $ 32.500,00 
;;6 empanadas;3; $ 39.000,00 
;;3 empanadas;1; $ 7.000,00 
;;EXTRA CHEDDAR ;; $ 1.500,00 
4/1/2026;363620;2 tostados CLASSIC;1; $ 8.300,00 
;;ACDC Doble;4; $ 59.200,00 
;;ACDC Simple ;2; $ 23.600,00 
;;ACDC Triple;1; $ 18.100,00 
;;Agua 500cc;1; $ 2.100,00 
;;AMERICANO + levite;1; $ 6.000,00 
;;Andes Rubia;5; $ 15.000,00 
;;Aros de Cebolla 6 unid.;; $ 38.400,00 
;;Beatle Doble 220g ;9; $ 127.800,00 
;;Beatle Simple 110g ;3; $ 33.600,00 
;;BIZARRAP Session #1 ;2; $ 18.600,00 
;;BIZZARAP session #2;4; $ 37.200,00 
;;cambio x dip cheddar;; $ 2.700,00 
;;Charly Doble 220g ;7; $ 94.500,00 
;;Charly Simple 110g;2; $ 21.000,00 
;;Clasic Doble 220g;30; $ 387.000,00 
;;Clasic Simple 110g ;18; $ 178.200,00 
;;Clasic Triple 330g;5; $ 81.000,00 
;;COCA 500 ml;2; $ 4.800,00 
;;Coca Cola 1.5 Lts;11; $ 47.300,00 
;;dip de cheddar;; $ 18.900,00 
;;Eminem;5; $ 78.500,00 
;;ENVIO;; $ 109.200,00 
;;franui Chocolate con leche + chocolate blanco;2; $ 18.000,00 
;;Freestyle;6; $ 115.200,00 
;;Fried Onion Doble 220g;1; $ 14.400,00 
;;Gorillaz Doble;3; $ 45.900,00 
;;Gorillaz simple ;4; $ 49.200,00 
;;Gorillaz Triple;1; $ 18.600,00 
;;HC doble;7; $ 109.200,00 
;;HC simple;2; $ 25.200,00 
;;HC TRIPLE;2; $ 37.800,00 
;;KIDS ROCK  (Ricosaurio x 4+ papas );4; $ 26.800,00 
;;KISS SIMPLE;2; $ 23.000,00 
;;LADY GAGA;1; $ 9.400,00 
;;Levite de Manzana 1.5 lts;2; $ 5.600,00 
;;MADONNA veggie;1; $ 10.900,00 
;;Mala Fama Doble 220g;12; $ 187.200,00 
;;Mala Fama Simple 110g ;9; $ 113.400,00 
;;Mala Fama Triple 330g ;3; $ 56.700,00 
;;NUGGETS X12 + PAPAS + BBQ;15; $ 120.000,00 
;;Nugget's X6 ;; $ 30.800,00 
;;Papas con Cheddar;2; $ 79.200,00 
;;PAPAS QUEEN;9; $ 70.200,00 
;;Papas Queen ;; $ 42.000,00 
;;PATRICIO REY SIMPLE;1; $ 12.000,00 
;;PROMO 1 -- 4 X Classic simple;13; $ 314.600,00 
;;PROMO 2-- 2 x Charly doble ;9; $ 189.900,00 
;;Red Hot DOBLE;4; $ 57.600,00 
;;Red Hot Simple 110g ;7; $ 79.800,00 
;;RESIDENTE DOBLE;4; $ 62.400,00 
;;RESIDENTE SIMPLE;4; $ 50.400,00 
;;RIHANNA ;3; $ 28.200,00 
;;Rolling Stone Doble 220g;4; $ 55.600,00 
;;Rolling Stone Simple 110g ;4; $ 43.600,00 
;;Sprite 1.5L;1; $ 4.300,00 
;;STELLA ARTOIS 464ml;2; $ 7.400,00 
;;Techno Chicken DOBLE ;1; $ 12.500,00 
;;Duko Simple;2; $ 23.400,00 
;;Duko Doble;13; $ 191.100,00 
;;Duko Triple 330g ;5; $ 90.000,00 
;;Beatle Triple ;1; $ 17.500,00 
;;Rolling Stone Triple;1; $ 17.200,00 
;;FANTA 500 ml;4; $ 9.600,00 
;;Porcion de Faina;; $ 1.500,00 
;;Lata Schweppes Pomelo Zero;3; $ 7.200,00 
;;Porcion Extra de Papas Medianas;; $ 8.000,00 
;;John Lennon Mediana;4; $ 64.000,00 
;;John Lennon XL;5; $ 110.000,00 
;;Pink Floyd Mediana;3; $ 57.000,00 
;;Pink Floyd XL;2; $ 50.000,00 
;;Creedence XL;1; $ 27.000,00 
;;Creedence Mediana ;1; $ 21.000,00 
;;Empanada de Carne;24; $ 60.000,00 
;;Empanada de Pollo;4; $ 10.000,00 
;;Empanada de Jamon y Queso;15; $ 37.500,00 
;;Elvis Presley MEDIANA;2; $ 54.000,00 
;;6 empanadas;2; $ 26.000,00 
;;12 empanadas;1; $ 25.000,00 
;;3 empanadas;2; $ 14.000,00 
;;EXTRA CHEDDAR ;; $ 1.500,00 
5/1/2026;363621;2 tostados AMERICANOS;1; $ 8.500,00 
;;ACDC Doble;4; $ 59.200,00 
;;Alma Fuerte ;1; $ 12.000,00 
;;Andes Rubia;1; $ 3.000,00 
;;Beatle Doble 220g ;5; $ 71.000,00 
;;Beatle Simple 110g ;1; $ 11.200,00 
;;BIZARRAP Session #1 ;2; $ 18.600,00 
;;Bob marley Simple;2; $ 21.400,00 
;;Charly Doble 220g ;4; $ 54.000,00 
;;Charly Simple 110g;2; $ 21.000,00 
;;Clasic Doble 220g;13; $ 167.700,00 
;;Clasic Simple 110g ;7; $ 69.300,00 
;;Clasic Triple 330g;2; $ 32.400,00 
;;CLASICO + levite;1; $ 6.000,00 
;;COCA 500 ml;5; $ 12.000,00 
;;Coca Cola Zero 1.5 Lts;2; $ 8.600,00 
;;ENVIO;; $ 52.000,00 
;;Gorillaz Doble;2; $ 30.600,00 
;;HC doble;1; $ 15.600,00 
;;HC simple;1; $ 12.600,00 
;;KISS DOBLE;1; $ 14.500,00 
;;KISS SIMPLE;1; $ 11.500,00 
;;LADY GAGA;2; $ 18.800,00 
;;Levite de Manzana 1.5 lts;2; $ 5.600,00 
;;Levite de POMELO 1,5 L;2; $ 5.600,00 
;;Mala Fama Simple 110g ;2; $ 25.200,00 
;;Mala Fama Triple 330g ;3; $ 56.700,00 
;;NUGGETS X12 + PAPAS + BBQ;3; $ 24.000,00 
;;Nugget's X6 ;; $ 2.800,00 
;;Papas con Cheddar;1; $ 27.600,00 
;;PAPAS QUEEN;4; $ 31.200,00 
;;Papas Queen ;; $ 22.400,00 
;;PATRICIO REY SIMPLE;1; $ 12.000,00 
;;PROMO 1 -- 4 X Classic simple;4; $ 96.800,00 
;;PROMO 2-- 2 x Charly doble ;10; $ 211.000,00 
;;Red Hot DOBLE;1; $ 14.400,00 
;;RESIDENTE DOBLE;2; $ 31.200,00 
;;RIHANNA ;1; $ 9.400,00 
;;Rolling Stone Doble 220g;2; $ 27.800,00 
;;Rolling Stone Simple 110g ;1; $ 10.900,00 
;;techno Chicken;1; $ 9.500,00 
;;Duko Simple;1; $ 11.700,00 
;;Duko Doble;6; $ 88.200,00 
;;Beatle Triple ;1; $ 17.500,00 
;;John Lennon Mediana;2; $ 32.000,00 
;;John Lennon XL;2; $ 44.000,00 
;;Michael Jackson Mediana;1; $ 18.000,00 
;;Michael Jackson XL;1; $ 24.000,00 
;;Pink Floyd XL;1; $ 25.000,00 
;;Creedence XL;1; $ 27.000,00 
;;6 empanadas;1; $ 13.000,00 
;;EXTRA CHEDDAR ;; $ 3.000,00 
6/1/2026;364621;ACDC Doble;3; $ 44.400,00 
;;Agua 500cc;2; $ 4.200,00 
;;Charly Doble 220g ;2; $ 27.000,00 
;;Clasic Doble 220g;1; $ 12.900,00 
;;COCA 500 ml;1; $ 2.400,00 
;;dip de cheddar;; $ 5.400,00 
;;ENVIO;; $ 15.600,00 
;;FERNET ;3; $ 21.000,00 
;;Freestyle;1; $ 19.200,00 
;;HC doble;1; $ 15.600,00 
;;HC simple;1; $ 12.600,00 
;;KIDS ROCK  (Ricosaurio x 4+ papas );1; $ 6.700,00 
;;KISS DOBLE;1; $ 14.500,00 
;;KISS SIMPLE;1; $ 11.500,00 
;;kiss triple;1; $ 17.800,00 
;;LADY GAGA;3; $ 28.200,00 
;;Levite de POMELO 1,5 L;1; $ 2.800,00 
;;Mala Fama Doble 220g;1; $ 15.600,00 
;;Nugget's X6 ;; $ 11.200,00 
;;Papas con Cheddar;; $ 6.000,00 
;;Papas Queen ;; $ 5.600,00 
;;PROMO 2-- 2 x Charly doble ;1; $ 21.100,00 
;;Red Hot DOBLE;1; $ 14.400,00 
;;RIHANNA ;4; $ 37.600,00 
;;Duko Simple;1; $ 11.700,00 
;;Duko Doble;3; $ 44.100,00 
;;Duko Triple 330g ;1; $ 18.000,00 
;364622;ACDC Doble;3; $ 44.400,00 
;;ACDC Simple ;1; $ 11.800,00 
;;ACDC Triple;1; $ 18.100,00 
;;Agua 500cc;2; $ 4.200,00 
;;Alma Fuerte ;1; $ 12.000,00 
;;Andes Rubia;2; $ 6.000,00 
;;Aros de Cebolla 6 unid.;; $ 3.200,00 
;;Beatle Doble 220g ;6; $ 85.200,00 
;;Beatle Simple 110g ;2; $ 22.400,00 
;;BIZARRAP Session #1 ;1; $ 9.300,00 
;;BIZZARAP session #2;1; $ 9.300,00 
;;Bob marley Simple;1; $ 10.700,00 
;;Cerveza Andes IPA;2; $ 6.000,00 
;;Charly Doble 220g ;1; $ 13.500,00 
;;Charly Simple 110g;2; $ 21.000,00 
;;Clasic Doble 220g;18; $ 232.200,00 
;;Clasic Simple 110g ;4; $ 39.600,00 
;;Clasic Triple 330g;4; $ 64.800,00 
;;COCA 500 ml;4; $ 9.600,00 
;;Coca Cola 1.5 Lts;5; $ 21.500,00 
;;Coca Cola Zero 1.5 Lts;1; $ 4.300,00 
;;dip de cheddar;; $ 10.800,00 
;;ENVIO;; $ 39.000,00 
;;franui Chocolate con leche + chocolate blanco;1; $ 9.000,00 
;;Freestyle;1; $ 19.200,00 
;;Gorillaz Doble;2; $ 30.600,00 
;;HC doble;4; $ 62.400,00 
;;HC simple;3; $ 37.800,00 
;;KIDS ROCK  (Ricosaurio x 4+ papas );3; $ 20.100,00 
;;KISS DOBLE;2; $ 29.000,00 
;;KISS SIMPLE;3; $ 34.500,00 
;;LADY GAGA;1; $ 9.400,00 
;;LATON HEINEKEN;5; $ 25.000,00 
;;Levite de Manzana 1.5 lts;1; $ 2.800,00 
;;Levite de POMELO 1,5 L;3; $ 8.400,00 
;;MADONNA veggie;1; $ 10.900,00 
;;Mala Fama Doble 220g;10; $ 156.000,00 
;;Mala Fama Simple 110g ;2; $ 25.200,00 
;;Mala Fama Triple 330g ;2; $ 37.800,00 
;;Nugget's X6 ;; $ 19.600,00 
;;Papas con Cheddar;1; $ 15.600,00 
;;PAPAS QUEEN;1; $ 7.800,00 
;;Papas Queen ;; $ 16.800,00 
;;PROMO 1 -- 4 X Classic simple;5; $ 121.000,00 
;;PROMO 2-- 2 x Charly doble ;5; $ 105.500,00 
;;Red Hot DOBLE;3; $ 43.200,00 
;;RESIDENTE DOBLE;3; $ 46.800,00 
;;RIHANNA ;4; $ 37.600,00 
;;Rolling Stone Doble 220g;1; $ 13.900,00 
;;Rolling Stone Simple 110g ;1; $ 10.900,00 
;;Sprite 1.5L;2; $ 8.600,00 
;;SPRITE 500 ml ;1; $ 2.400,00 
;;Duko Simple;1; $ 11.700,00 
;;Duko Doble;5; $ 73.500,00 
;;FANTA 500 ml;2; $ 4.800,00 
;;NIRVANA  ;2; $ 26.800,00 
;;Lata Schweppes Pomelo Zero;2; $ 4.800,00 
;;Porcion Extra de Papas Medianas;; $ 2.000,00 
;;EXTRA CHEDDAR ;; $ 1.500,00 
7/1/2026;364623;ACDC Doble;1; $ 14.800,00 
;;Bob Marley Doble ;1; $ 13.700,00 
;;Charly Doble 220g ;1; $ 13.500,00 
;;Clasic Doble 220g;4; $ 51.600,00 
;;Clasic Simple 110g ;2; $ 19.800,00 
;;Clasic Triple 330g;2; $ 32.400,00 
;;Coca Cola 1.5 Lts;1; $ 4.300,00 
;;Coca Cola Zero 1.5 Lts;1; $ 4.300,00 
;;ENVIO;; $ 13.000,00 
;;FERNET ;3; $ 21.000,00 
;;HC doble;1; $ 15.600,00 
;;KISS SIMPLE;1; $ 11.500,00 
;;LATON HEINEKEN;1; $ 5.000,00 
;;Mala Fama Doble 220g;1; $ 15.600,00 
;;Mala Fama Simple 110g ;3; $ 37.800,00 
;;MESA;;
;;NUGGETS X12 + PAPAS + BBQ;1; $ 8.000,00 
;;Papas con Cheddar;1; $ 9.600,00 
;;PAPAS QUEEN;1; $ 7.800,00 
;;Papas Queen ;; $ 5.600,00 
;;PROMO 2-- 2 x Charly doble ;1; $ 21.100,00 
;;RESIDENTE SIMPLE;2; $ 25.200,00 
;;Duko Doble;2; $ 29.400,00 
;;NIRVANA  ;1; $ 13.400,00 
;;Lata Schweppes Pomelo Zero;1; $ 2.400,00 
;;NIRVANA 2;1; $ 13.500,00 
;;Porcion Extra de Papas Medianas;; $ 2.000,00 
;365623;2 tostados AMERICANOS;1; $ 8.500,00 
;;ACDC Doble;1; $ 14.800,00 
;;ACDC Simple ;2; $ 23.600,00 
;;ACDC Triple;1; $ 18.100,00 
;;Aros de Cebolla 6 unid.;; $ 9.600,00 
;;AROS DE CEBOLLA X 12 + PAPAS + BBQ;1; $ 7.600,00 
;;Beatle Doble 220g ;6; $ 85.200,00 
;;Beatle Simple 110g ;1; $ 11.200,00 
;;Bob marley Simple;1; $ 10.700,00 
;;Cerveza Andes IPA;2; $ 6.000,00 
;;Cerveza Andes Roja;1; $ 3.000,00 
;;Charly  Triple 330g;3; $ 50.400,00 
;;Charly Doble 220g ;4; $ 54.000,00 
;;Charly Simple 110g;1; $ 10.500,00 
;;CHOCOTORTA;1; $ 4.200,00 
;;Clasic Doble 220g;13; $ 167.700,00 
;;Clasic Simple 110g ;9; $ 89.100,00 
;;Clasic Triple 330g;2; $ 32.400,00 
;;COCA 500 ml;2; $ 4.800,00 
;;Coca Cola 1.5 Lts;3; $ 12.900,00 
;;Coca Cola Zero 1.5 Lts;1; $ 4.300,00 
;;dip de barbacoa;; $ 2.000,00 
;;dip de cheddar;; $ 16.200,00 
;;Eminem;1; $ 15.700,00 
;;ENVIO;; $ 67.600,00 
;;Gorillaz Doble;10; $ 153.000,00 
;;Gorillaz simple ;1; $ 12.300,00 
;;HC doble;3; $ 46.800,00 
;;HC simple;2; $ 25.200,00 
;;HC TRIPLE;1; $ 18.900,00 
;;KIDS ROCK  (Ricosaurio x 4+ papas );3; $ 20.100,00 
;;KISS SIMPLE;1; $ 11.500,00 
;;LATON HEINEKEN;2; $ 10.000,00 
;;Levite de Manzana 1.5 lts;1; $ 2.800,00 
;;MADONNA veggie;1; $ 10.900,00 
;;Mala Fama Doble 220g;8; $ 124.800,00 
;;Mala Fama Simple 110g ;4; $ 50.400,00 
;;Mala Fama Triple 330g ;2; $ 37.800,00 
;;NUGGETS X12 + PAPAS + BBQ;1; $ 8.000,00 
;;Nugget's X6 ;; $ 25.200,00 
;;Papas con Cheddar;2; $ 31.200,00 
;;PAPAS QUEEN;6; $ 46.800,00 
;;Papas Queen ;; $ 22.400,00 
;;PATRICIO REY SIMPLE;1; $ 12.000,00 
;;PROMO 1 -- 4 X Classic simple;6; $ 145.200,00 
;;PROMO 2-- 2 x Charly doble ;5; $ 105.500,00 
;;Red Hot DOBLE;1; $ 14.400,00 
;;Red Hot Simple 110g ;1; $ 11.400,00 
;;Red Hot Triple 330g ;1; $ 17.700,00 
;;RESIDENTE SIMPLE;2; $ 25.200,00 
;;RIHANNA ;2; $ 18.800,00 
;;Rolling Stone Doble 220g;3; $ 41.700,00 
;;Sprite 1.5L;3; $ 12.900,00 
;;SPRITE 500 ml ;1; $ 2.400,00 
;;STELLA ARTOIS 464ml;2; $ 7.400,00 
;;Techno Chicken DOBLE ;1; $ 12.500,00 
;;TIRAMISU;1; $ 4.200,00 
;;Duko Simple;1; $ 11.700,00 
;;Duko Doble;8; $ 117.600,00 
;;Beatle Triple ;1; $ 17.500,00 
;;NIRVANA 2;1; $ 13.500,00 
;;Porcion Extra de Papas Medianas;; $ 10.000,00 
;;John Lennon XL;1; $ 22.000,00 
;;Pink Floyd Mediana;1; $ 19.000,00 
;;12 empanadas;2; $ 50.000,00 
;;3 empanadas;1; $ 7.000,00 
;;EXTRA CHEDDAR ;; $ 3.000,00 
8/1/2026;366623;ACDC Doble;2; $ 29.600,00 
;;ACDC Triple;1; $ 18.100,00 
;;Aros de Cebolla 6 unid.;; $ 3.200,00 
;;AROS DE CEBOLLA X 12 + PAPAS + BBQ;1; $ 7.600,00 
;;Beatle Doble 220g ;2; $ 28.400,00 
;;Charly Doble 220g ;1; $ 13.500,00 
;;Charly Simple 110g;3; $ 31.500,00 
;;Clasic Doble 220g;1; $ 12.900,00 
;;Clasic Simple 110g ;2; $ 19.800,00 
;;Clasic Triple 330g;1; $ 16.200,00 
;;Coca Cola Zero 1.5 Lts;1; $ 4.300,00 
;;ENVIO;; $ 16.900,00 
;;Freestyle;1; $ 19.200,00 
;;HC doble;1; $ 15.600,00 
;;HC simple;2; $ 25.200,00 
;;KIDS ROCK  (Ricosaurio x 4+ papas );1; $ 6.700,00 
;;Mala Fama Doble 220g;2; $ 31.200,00 
;;MESA;;
;;Papas con Cheddar;; $ 6.000,00 
;;PAPAS QUEEN;1; $ 7.800,00 
;;Papas Queen ;; $ 8.400,00 
;;PROMO 1 -- 4 X Classic simple;1; $ 24.200,00 
;;Sprite 1.5L;2; $ 8.600,00 
;;SPRITE 500 ml ;1; $ 2.400,00 
;;Duko Simple;1; $ 11.700,00 
;;Duko Doble;3; $ 44.100,00 
;366624;ACDC Doble;4; $ 59.200,00 
;;ACDC Triple;1; $ 18.100,00 
;;Agua 500cc;1; $ 2.100,00 
;;Aros de Cebolla 6 unid.;; $ 9.600,00 
;;AROS DE CEBOLLA X 12 + PAPAS + BBQ;1; $ 7.600,00 
;;Beatle Doble 220g ;5; $ 71.000,00 
;;BIZZARAP session #2;3; $ 27.900,00 
;;cambio x dip cheddar;; $ 900,00 
;;Cerveza Andes IPA;4; $ 12.000,00 
;;Charly  Triple 330g;1; $ 16.800,00 
;;Charly Doble 220g ;2; $ 27.000,00 
;;Charly Simple 110g;3; $ 31.500,00 
;;CHOCOTORTA;1; $ 4.200,00 
;;Clasic Doble 220g;8; $ 103.200,00 
;;Clasic Simple 110g ;8; $ 79.200,00 
;;Clasic Triple 330g;4; $ 64.800,00 
;;Coca Cola 1.5 Lts;2; $ 8.600,00 
;;Coca Cola Zero 1.5 Lts;1; $ 4.300,00 
;;dip de barbacoa;; $ 2.000,00 
;;dip de cheddar;; $ 5.400,00 
;;ENVIO;; $ 62.400,00 
;;Freestyle;1; $ 19.200,00 
;;Gorillaz Doble;5; $ 76.500,00 
;;Gorillaz simple ;1; $ 12.300,00 
;;HC doble;2; $ 31.200,00 
;;HC TRIPLE;1; $ 18.900,00 
;;KIDS ROCK  (Ricosaurio x 4+ papas );1; $ 6.700,00 
;;LATON HEINEKEN;3; $ 15.000,00 
;;Levite de Manzana 1.5 lts;1; $ 2.800,00 
;;Levite de POMELO 1,5 L;2; $ 5.600,00 
;;Mala Fama Doble 220g;5; $ 78.000,00 
;;Mala Fama Simple 110g ;1; $ 12.600,00 
;;NUGGETS X12 + PAPAS + BBQ;6; $ 48.000,00 
;;Nugget's X6 ;; $ 16.800,00 
;;Papas con Cheddar;1; $ 11.600,00 
;;Papas Mercury;2; $ 21.800,00 
;;PAPAS QUEEN;4; $ 31.200,00 
;;Papas Queen ;; $ 11.200,00 
;;PROMO 1 -- 4 X Classic simple;6; $ 145.200,00 
;;PROMO 2-- 2 x Charly doble ;6; $ 126.600,00 
;;Red Hot DOBLE;1; $ 14.400,00 
;;RESIDENTE DOBLE;2; $ 31.200,00 
;;RESIDENTE SIMPLE;2; $ 25.200,00 
;;RIHANNA ;2; $ 18.800,00 
;;Rolling Stone Doble 220g;1; $ 13.900,00 
;;SPRITE 500 ml ;2; $ 4.800,00 
;;STELLA ARTOIS 464ml;4; $ 14.800,00 
;;TIRAMISU;1; $ 4.200,00 
;;Duko Simple;2; $ 23.400,00 
;;Duko Doble;7; $ 102.900,00 
;;Duko Triple 330g ;2; $ 36.000,00 
;;NIRVANA 2;5; $ 67.500,00 
;;Porcion Extra de Papas Medianas;; $ 8.000,00 
;;John Lennon XL;2; $ 44.000,00 
;;Michael Jackson Mediana;1; $ 18.000,00 
;;Pink Floyd XL;3; $ 75.000,00 
;;Creedence XL;2; $ 54.000,00 
;;Empanada de Carne;3; $ 7.500,00 
;;Elvis Presley XL;2; $ 68.000,00 
;;6 empanadas;2; $ 26.000,00 
;;12 empanadas;1; $ 25.000,00 
;;3 empanadas;1; $ 7.000,00 
;;EXTRA CHEDDAR ;; $ 3.000,00 
9/1/2026;366625;ACDC Simple ;2; $ 23.600,00 
;;ACDC Triple;2; $ 36.200,00 
;;Alma Fuerte ;2; $ 24.000,00 
;;AMERICANO + levite;1; $ 6.000,00 
;;Aros de Cebolla 6 unid.;; $ 3.200,00 
;;Beatle Doble 220g ;1; $ 14.200,00 
;;Bob Marley Doble ;1; $ 13.700,00 
;;Bob marley Simple;2; $ 21.400,00 
;;cambio x dip cheddar;; $ 1.800,00 
;;Clasic Doble 220g;8; $ 103.200,00 
;;Clasic Simple 110g ;1; $ 9.900,00 
;;COCA 500 ml;1; $ 2.400,00 
;;Coca Cola 1.5 Lts;2; $ 8.600,00 
;;ENVIO;; $ 19.500,00 
;;FERNET ;3; $ 21.000,00 
;;franui Chocolate semiamargo + chocolate blanco;1; $ 9.000,00 
;;Freestyle;2; $ 38.400,00 
;;GIN TONIC;1; $ 7.500,00 
;;HC doble;1; $ 15.600,00 
;;LADY GAGA;1; $ 9.400,00 
;;LEVITE 500ml;1; $ 2.100,00 
;;NUGGETS X12 + PAPAS + BBQ;2; $ 16.000,00 
;;Nugget's X6 ;; $ 5.600,00 
;;Papas con Cheddar;1; $ 9.600,00 
;;PAPAS QUEEN;2; $ 15.600,00 
;;PROMO 2-- 2 x Charly doble ;1; $ 21.100,00 
;;RESIDENTE SIMPLE;1; $ 12.600,00 
;;RIHANNA ;1; $ 9.400,00 
;;Duko Doble;1; $ 14.700,00 
;;Beatle Triple ;2; $ 35.000,00 
;;Lata Schweppes Pomelo Zero;2; $ 4.800,00 
;;Porcion Extra de Papas Medianas;; $ 4.000,00 
;366626;2 tostados CLASSIC;1; $ 8.300,00 
;;ACDC Doble;6; $ 88.800,00 
;;ACDC Simple ;1; $ 11.800,00 
;;ACDC Triple;1; $ 18.100,00 
;;Agua 500cc;2; $ 4.200,00 
;;Alma Fuerte ;4; $ 48.000,00 
;;Andes Rubia;2; $ 6.000,00 
;;Aros de Cebolla 6 unid.;; $ 16.000,00 
;;Beatle Doble 220g ;3; $ 42.600,00 
;;Beatle Simple 110g ;3; $ 33.600,00 
;;BIZARRAP Session #1 ;1; $ 9.300,00 
;;BIZZARAP session #2;2; $ 18.600,00 
;;Bob Marley Doble ;2; $ 27.400,00 
;;Bob Marley Triple;1; $ 17.000,00 
;;Charly  Triple 330g;2; $ 33.600,00 
;;Charly Doble 220g ;8; $ 108.000,00 
;;Charly Simple 110g;4; $ 42.000,00 
;;Clasic Doble 220g;21; $ 270.900,00 
;;Clasic Simple 110g ;22; $ 217.800,00 
;;Clasic Triple 330g;4; $ 64.800,00 
;;COCA 500 ml;1; $ 2.400,00 
;;Coca Cola 1.5 Lts;9; $ 38.700,00 
;;Coca Cola Zero 1.5 Lts;2; $ 8.600,00 
;;dip de barbacoa;; $ 3.000,00 
;;dip de cheddar;; $ 10.800,00 
;;Eminem;3; $ 47.100,00 
;;ENVIO;; $ 127.400,00 
;;FERNET ;2; $ 14.000,00 
;;franui Chocolate con leche + chocolate blanco;3; $ 27.000,00 
;;Freestyle;5; $ 96.000,00 
;;Fried Onion Simple 110g ;1; $ 11.400,00 
;;Gorillaz Doble;3; $ 45.900,00 
;;Gorillaz simple ;1; $ 12.300,00 
;;Gorillaz Triple;1; $ 18.600,00 
;;HC doble;6; $ 93.600,00 
;;HC simple;3; $ 37.800,00 
;;HC TRIPLE;1; $ 18.900,00 
;;HIP HOP;1; $ 20.500,00 
;;KIDS ROCK  (Ricosaurio x 4+ papas );2; $ 13.400,00 
;;KISS DOBLE;1; $ 14.500,00 
;;KISS SIMPLE;2; $ 23.000,00 
;;LADY GAGA;1; $ 9.400,00 
;;Levite de Manzana 1.5 lts;2; $ 5.600,00 
;;Levite de POMELO 1,5 L;1; $ 2.800,00 
;;Mala Fama Doble 220g;8; $ 124.800,00 
;;Mala Fama Simple 110g ;5; $ 63.000,00 
;;Mala Fama Triple 330g ;2; $ 37.800,00 
;;NUGGETS X12 + PAPAS + BBQ;5; $ 40.000,00 
;;Nugget's X6 ;; $ 56.000,00 
;;Papas con Cheddar;7; $ 81.200,00 
;;PAPAS QUEEN;9; $ 70.200,00 
;;Papas Queen ;; $ 36.400,00 
;;PATRICIO REY DOBLE;1; $ 15.000,00 
;;PROMO 1 -- 4 X Classic simple;7; $ 169.400,00 
;;PROMO 2-- 2 x Charly doble ;16; $ 337.600,00 
;;Red Hot DOBLE;4; $ 57.600,00 
;;Red Hot Simple 110g ;5; $ 57.000,00 
;;Red Hot Triple 330g ;1; $ 17.700,00 
;;RESIDENTE DOBLE;8; $ 124.800,00 
;;RESIDENTE SIMPLE;3; $ 37.800,00 
;;RIHANNA ;3; $ 28.200,00 
;;Rolling Stone Doble 220g;1; $ 13.900,00 
;;STELLA ARTOIS 464ml;2; $ 7.400,00 
;;techno Chicken;1; $ 9.500,00 
;;TIRAMISU;4; $ 16.800,00 
;;Duko Simple;1; $ 11.700,00 
;;Duko Doble;14; $ 205.800,00 
;;Duko Triple 330g ;1; $ 18.000,00 
;;Porcion de Faina;; $ 3.000,00 
;;NIRVANA  ;2; $ 26.800,00 
;;Porcion Extra de Papas Medianas;; $ 18.000,00 
;;John Lennon Mediana;5; $ 80.000,00 
;;John Lennon XL;3; $ 66.000,00 
;;Michael Jackson Mediana;3; $ 54.000,00 
;;Pink Floyd Mediana;5; $ 95.000,00 
;;Pink Floyd XL;2; $ 50.000,00 
;;Creedence Mediana ;3; $ 63.000,00 
;;Empanada de Carne;6; $ 15.000,00 
;;Empanada de Pollo;7; $ 17.500,00 
;;Empanada de Jamon y Queso;10; $ 25.000,00 
;;Elvis Presley MEDIANA;1; $ 27.000,00 
;;Elvis Presley XL;1; $ 34.000,00 
;;6 empanadas;2; $ 26.000,00 
;;3 empanadas;4; $ 28.000,00 
10/1/2026;367626;ACDC Doble;1; $ 14.800,00 
;;Aros de Cebolla 6 unid.;; $ 3.200,00 
;;BIZZARAP session #2;1; $ 9.300,00 
;;Clasic Doble 220g;1; $ 12.900,00 
;;Clasic Simple 110g ;1; $ 9.900,00 
;;ENVIO;; $ 9.100,00 
;;Fried Onion Simple 110g ;1; $ 11.400,00 
;;HC simple;1; $ 12.600,00 
;;HIP HOP;1; $ 20.500,00 
;;LADY GAGA;1; $ 9.400,00 
;;Papas con Cheddar;; $ 2.000,00 
;;PAPAS QUEEN;1; $ 7.800,00 
;;PROMO 2-- 2 x Charly doble ;3; $ 63.300,00 
;;Red Hot DOBLE;1; $ 14.400,00 
;;RESIDENTE SIMPLE;2; $ 25.200,00 
;;RIHANNA ;2; $ 18.800,00 
;;Rolling Stone Doble 220g;1; $ 13.900,00 
;;Sprite 1.5L;1; $ 4.300,00 
;367627;ACDC Doble;6; $ 88.800,00 
;;ACDC Simple ;2; $ 23.600,00 
;;Agua 500cc;3; $ 6.300,00 
;;Alma Fuerte ;3; $ 36.000,00 
;;Andes Rubia;1; $ 3.000,00 
;;Aros de Cebolla 6 unid.;; $ 22.400,00 
;;Beatle Doble 220g ;6; $ 85.200,00 
;;Beatle Simple 110g ;4; $ 44.800,00 
;;BIZARRAP Session #1 ;1; $ 9.300,00 
;;BIZZARAP session #2;3; $ 27.900,00 
;;cambio x dip cheddar;; $ 1.800,00 
;;Cerveza Andes IPA;5; $ 15.000,00 
;;Charly  Triple 330g;1; $ 16.800,00 
;;Charly Doble 220g ;10; $ 135.000,00 
;;Charly Simple 110g;5; $ 52.500,00 
;;CHOCOTORTA;1; $ 4.200,00 
;;Clasic Doble 220g;34; $ 438.600,00 
;;Clasic Simple 110g ;31; $ 306.900,00 
;;Clasic Triple 330g;4; $ 64.800,00 
;;COCA 500 ml;1; $ 2.400,00 
;;Coca Cola 1.5 Lts;7; $ 30.100,00 
;;dip de barbacoa;; $ 1.000,00 
;;dip de cheddar;; $ 13.500,00 
;;Eminem;3; $ 47.100,00 
;;ENVIO;; $ 131.300,00 
;;GANCIA;2; $ 14.000,00 
;;Gorillaz Doble;1; $ 15.300,00 
;;Gorillaz simple ;5; $ 61.500,00 
;;HC doble;12; $ 187.200,00 
;;HC simple;1; $ 12.600,00 
;;HIP HOP;1; $ 20.500,00 
;;KIDS ROCK  (Ricosaurio x 4+ papas );3; $ 20.100,00 
;;KISS DOBLE;2; $ 29.000,00 
;;KISS SIMPLE;2; $ 23.000,00 
;;LATON HEINEKEN;2; $ 10.000,00 
;;LEVITE 500ml;1; $ 2.100,00 
;;Levite de Manzana 1.5 lts;2; $ 5.600,00 
;;Mala Fama Doble 220g;11; $ 171.600,00 
;;Mala Fama Simple 110g ;6; $ 75.600,00 
;;Mala Fama Triple 330g ;1; $ 18.900,00 
;;NUGGETS X12 + PAPAS + BBQ;6; $ 48.000,00 
;;Nugget's X6 ;; $ 47.600,00 
;;Papas con Cheddar;2; $ 49.200,00 
;;Papas Mercury;1; $ 10.900,00 
;;PAPAS QUEEN;6; $ 46.800,00 
;;Papas Queen ;; $ 39.200,00 
;;PATRICIO REY DOBLE;5; $ 75.000,00 
;;PATRICIO REY SIMPLE;1; $ 12.000,00 
;;PROMO 1 -- 4 X Classic simple;11; $ 266.200,00 
;;PROMO 2-- 2 x Charly doble ;20; $ 422.000,00 
;;Red Hot DOBLE;5; $ 72.000,00 
;;Red Hot Simple 110g ;1; $ 11.400,00 
;;Red Hot Triple 330g ;1; $ 17.700,00 
;;RESIDENTE DOBLE;8; $ 124.800,00 
;;RESIDENTE SIMPLE;8; $ 100.800,00 
;;RIHANNA ;1; $ 9.400,00 
;;Rolling Stone Doble 220g;3; $ 41.700,00 
;;Rolling Stone Simple 110g ;1; $ 10.900,00 
;;Sprite 1.5L;2; $ 8.600,00 
;;SPRITE 500 ml ;2; $ 4.800,00 
;;techno Chicken;1; $ 9.500,00 
;;Techno Chicken DOBLE ;1; $ 12.500,00 
;;Duko Simple;8; $ 93.600,00 
;;Duko Doble;18; $ 264.600,00 
;;Duko Triple 330g ;2; $ 36.000,00 
;;Rolling Stone Triple;1; $ 17.200,00 
;;Porcion de Faina;; $ 6.000,00 
;;NIRVANA  ;2; $ 26.800,00 
;;NIRVANA 2;4; $ 54.000,00 
;;Porcion Extra de Papas Medianas;; $ 18.000,00 
;;John Lennon Mediana;4; $ 64.000,00 
;;John Lennon XL;3; $ 66.000,00 
;;Pink Floyd Mediana;2; $ 38.000,00 
;;Pink Floyd XL;4; $ 100.000,00 
;;Creedence XL;3; $ 81.000,00 
;;Creedence Mediana ;1; $ 21.000,00 
;;Empanada de Carne;2; $ 5.000,00 
;;Empanada de Jamon y Queso;5; $ 12.500,00 
;;6 empanadas;1; $ 13.000,00 
;;12 empanadas;2; $ 50.000,00 
;;3 empanadas;1; $ 7.000,00 
11/1/2026;367628;ACDC Doble;5; $ 74.000,00 
;;ACDC Simple ;2; $ 23.600,00 
;;Agua 500cc;3; $ 6.300,00 
;;Alma Fuerte ;1; $ 12.000,00 
;;Aros de Cebolla 6 unid.;; $ 16.000,00 
;;AROS DE CEBOLLA X 12 + PAPAS + BBQ;2; $ 15.200,00 
;;Beatle Doble 220g ;1; $ 14.200,00 
;;Beatle Simple 110g ;3; $ 33.600,00 
;;BIZARRAP Session #1 ;3; $ 27.900,00 
;;BIZZARAP session #2;2; $ 18.600,00 
;;Bob marley Simple;1; $ 10.700,00 
;;cambio x dip cheddar;; $ 4.500,00 
;;Cerveza Andes IPA;1; $ 3.000,00 
;;Charly  Triple 330g;2; $ 33.600,00 
;;Charly Doble 220g ;5; $ 67.500,00 
;;Charly Simple 110g;6; $ 63.000,00 
;;Clasic Doble 220g;20; $ 258.000,00 
;;Clasic Simple 110g ;13; $ 128.700,00 
;;Clasic Triple 330g;8; $ 129.600,00 
;;COCA 500 ml;1; $ 2.400,00 
;;Coca Cola 1.5 Lts;7; $ 30.100,00 
;;dip de barbacoa;; $ 2.000,00 
;;dip de cheddar;; $ 2.700,00 
;;Eminem;1; $ 15.700,00 
;;ENVIO;; $ 124.800,00 
;;franui Chocolate con leche + chocolate blanco;3; $ 27.000,00 
;;franui Chocolate semiamargo + chocolate blanco;1; $ 9.000,00 
;;Freestyle;2; $ 38.400,00 
;;Fried Onion Doble 220g;2; $ 28.800,00 
;;Gorillaz Doble;4; $ 61.200,00 
;;Gorillaz simple ;1; $ 12.300,00 
;;HC doble;6; $ 93.600,00 
;;HC simple;2; $ 25.200,00 
;;Heineken 464ml;3; $ 11.100,00 
;;HIP HOP;4; $ 82.000,00 
;;KIDS ROCK  (Ricosaurio x 4+ papas );2; $ 13.400,00 
;;KISS SIMPLE;1; $ 11.500,00 
;;kiss triple;1; $ 17.800,00 
;;LADY GAGA;1; $ 9.400,00 
;;LATA Coca-Cola 357cc;1; $ 2.500,00 
;;LATON HEINEKEN;1; $ 5.000,00 
;;MADONNA veggie;1; $ 10.900,00 
;;MADONNA veggie DOBLE;2; $ 27.800,00 
;;Mala Fama Doble 220g;10; $ 156.000,00 
;;Mala Fama Simple 110g ;6; $ 75.600,00 
;;Mala Fama Triple 330g ;2; $ 37.800,00 
;;NUGGETS X12 + PAPAS + BBQ;17; $ 136.000,00 
;;Nugget's X6 ;; $ 30.800,00 
;;Papas con Cheddar;8; $ 112.800,00 
;;Papas Mercury;5; $ 54.500,00 
;;PAPAS QUEEN;9; $ 70.200,00 
;;Papas Queen ;; $ 78.400,00 
;;PATRICIO REY DOBLE;1; $ 15.000,00 
;;PATRICIO REY SIMPLE;1; $ 12.000,00 
;;PROMO 1 -- 4 X Classic simple;13; $ 314.600,00 
;;PROMO 2-- 2 x Charly doble ;17; $ 358.700,00 
;;Red Hot Simple 110g ;2; $ 22.800,00 
;;RESIDENTE DOBLE;7; $ 109.200,00 
;;RESIDENTE SIMPLE;1; $ 12.600,00 
;;RIHANNA ;4; $ 37.600,00 
;;Rolling Stone Doble 220g;3; $ 41.700,00 
;;Rolling Stone Simple 110g ;1; $ 10.900,00 
;;STELLA ARTOIS 464ml;3; $ 11.100,00 
;;Duko Simple;5; $ 58.500,00 
;;Duko Doble;12; $ 176.400,00 
;;Duko Triple 330g ;4; $ 72.000,00 
;;Beatle Triple ;4; $ 70.000,00 
;;NIRVANA  ;8; $ 107.200,00 
;;NIRVANA 2;2; $ 27.000,00 
;;Porcion Extra de Papas Medianas;; $ 8.000,00 
;;John Lennon Mediana;1; $ 16.000,00 
;;John Lennon XL;4; $ 88.000,00 
;;Michael Jackson Mediana;1; $ 18.000,00 
;;Pink Floyd Mediana;1; $ 19.000,00 
;;Creedence Mediana ;1; $ 21.000,00 
;;Empanada de Carne;2; $ 5.000,00 
;;Empanada de Pollo;2; $ 5.000,00 
;;Empanada de Jamon y Queso;2; $ 5.000,00 
;;Elvis Presley MEDIANA;1; $ 27.000,00 
;;6 empanadas;4; $ 52.000,00 
;;3 empanadas;2; $ 14.000,00 
;;EXTRA CHEDDAR ;; $ 1.500,00 
12/1/2026;368628;ACDC Doble;2; $ 29.600,00 
;;ACDC Simple ;2; $ 23.600,00 
;;ACDC Triple;1; $ 18.100,00 
;;Aros de Cebolla 6 unid.;; $ 9.600,00 
;;Beatle Doble 220g ;1; $ 14.200,00 
;;Beatle Simple 110g ;2; $ 22.400,00 
;;BIZZARAP session #2;2; $ 18.600,00 
;;Cerveza Andes IPA;1; $ 3.000,00 
;;CHOCOTORTA;2; $ 8.400,00 
;;Clasic Doble 220g;7; $ 90.300,00 
;;Clasic Simple 110g ;5; $ 49.500,00 
;;Clasic Triple 330g;2; $ 32.400,00 
;;Coca Cola 1.5 Lts;3; $ 12.900,00 
;;dip de cheddar;; $ 8.100,00 
;;ENVIO;; $ 49.400,00 
;;franui Chocolate con leche + chocolate blanco;1; $ 9.000,00 
;;Freestyle;3; $ 57.600,00 
;;Gorillaz Doble;1; $ 15.300,00 
;;HC doble;3; $ 46.800,00 
;;HC simple;1; $ 12.600,00 
;;HIP HOP;2; $ 41.000,00 
;;KIDS ROCK  (Ricosaurio x 4+ papas );1; $ 6.700,00 
;;KISS SIMPLE;1; $ 11.500,00 
;;LADY GAGA;1; $ 9.400,00 
;;Levite de Manzana 1.5 lts;1; $ 2.800,00 
;;MADONNA veggie DOBLE;1; $ 13.900,00 
;;Mala Fama Doble 220g;3; $ 46.800,00 
;;Mala Fama Simple 110g ;2; $ 25.200,00 
;;Mala Fama Triple 330g ;1; $ 18.900,00 
;;NUGGETS X12 + PAPAS + BBQ;1; $ 8.000,00 
;;Nugget's X6 ;; $ 11.200,00 
;;Papas con Cheddar;2; $ 23.200,00 
;;Papas Mercury;1; $ 10.900,00 
;;PAPAS QUEEN;7; $ 54.600,00 
;;PATRICIO REY DOBLE;1; $ 15.000,00 
;;PROMO 1 -- 4 X Classic simple;3; $ 72.600,00 
;;PROMO 2-- 2 x Charly doble ;4; $ 84.400,00 
;;Red Hot Simple 110g ;3; $ 34.200,00 
;;RESIDENTE DOBLE;2; $ 31.200,00 
;;STELLA ARTOIS 464ml;2; $ 7.400,00 
;;Duko Simple;3; $ 35.100,00 
;;Duko Doble;3; $ 44.100,00 
;;FANTA 500 ml;1; $ 2.400,00 
;;NIRVANA  ;1; $ 13.400,00 
;;Porcion Extra de Papas Medianas;; $ 10.000,00 
;;John Lennon Mediana;1; $ 16.000,00 
;;John Lennon XL;2; $ 44.000,00 
;;Pink Floyd Mediana;1; $ 19.000,00 
;;Pink Floyd XL;6; $ 150.000,00 
;;Creedence XL;1; $ 27.000,00 
;;Creedence Mediana ;1; $ 21.000,00 
;;Empanada de Carne;1; $ 2.500,00 
;;Empanada de Pollo;1; $ 2.500,00 
;;Empanada de Jamon y Queso;4; $ 10.000,00 
;;6 empanadas;3; $ 39.000,00 
;;12 empanadas;1; $ 25.000,00 
13/1/2026;369628;2 tostados AMERICANOS;1; $ 8.500,00 
;;AMERICANO + levite;1; $ 6.000,00 
;;Beatle Doble 220g ;1; $ 14.200,00 
;;CAMPARI;1; $ 7.000,00 
;;Charly Simple 110g;2; $ 21.000,00 
;;Clasic Doble 220g;3; $ 38.700,00 
;;Clasic Triple 330g;4; $ 64.800,00 
;;Coca Cola 1.5 Lts;2; $ 8.600,00 
;;Coca Cola Zero 1.5 Lts;1; $ 4.300,00 
;;ENVIO;; $ 13.000,00 
;;HC simple;1; $ 12.600,00 
;;LATON HEINEKEN;1; $ 5.000,00 
;;Levite de POMELO 1,5 L;1; $ 2.800,00 
;;Mala Fama Doble 220g;1; $ 15.600,00 
;;Papas con Cheddar;; $ 2.000,00 
;;RESIDENTE DOBLE;3; $ 46.800,00 
;;RESIDENTE SIMPLE;1; $ 12.600,00 
;;RIHANNA ;1; $ 9.400,00 
;;SPRITE 500 ml ;1; $ 2.400,00 
;;Duko Doble;2; $ 29.400,00 
;;Porcion Extra de Papas Medianas;; $ 4.000,00 
;;EXTRA CHEDDAR ;; $ 1.500,00 
;369629;ACDC Doble;2; $ 29.600,00 
;;ACDC Simple ;2; $ 23.600,00 
;;Agua 500cc;2; $ 4.200,00 
;;Alma Fuerte ;2; $ 24.000,00 
;;AROS DE CEBOLLA X 12 + PAPAS + BBQ;1; $ 7.600,00 
;;Beatle Doble 220g ;4; $ 56.800,00 
;;Beatle Simple 110g ;1; $ 11.200,00 
;;BIZARRAP Session #1 ;1; $ 9.300,00 
;;BIZZARAP session #2;1; $ 9.300,00 
;;Bob marley Simple;1; $ 10.700,00 
;;Cerveza Andes Roja;1; $ 3.000,00 
;;Charly Doble 220g ;3; $ 40.500,00 
;;Charly Simple 110g;2; $ 21.000,00 
;;Clasic Doble 220g;12; $ 154.800,00 
;;Clasic Simple 110g ;8; $ 79.200,00 
;;Clasic Triple 330g;2; $ 32.400,00 
;;COCA 500 ml;1; $ 2.400,00 
;;Coca Cola 1.5 Lts;3; $ 12.900,00 
;;Coca Cola Zero 1.5 Lts;2; $ 8.600,00 
;;dip de cheddar;; $ 10.800,00 
;;ENVIO;; $ 39.000,00 
;;FERNET ;2; $ 14.000,00 
;;Freestyle;1; $ 19.200,00 
;;GANCIA;1; $ 7.000,00 
;;Gorillaz Doble;2; $ 30.600,00 
;;Gorillaz Triple;1; $ 18.600,00 
;;HC doble;4; $ 62.400,00 
;;Heineken 464ml;1; $ 3.700,00 
;;KIDS ROCK  (Ricosaurio x 4+ papas );4; $ 26.800,00 
;;KISS DOBLE;1; $ 14.500,00 
;;KISS SIMPLE;1; $ 11.500,00 
;;LADY GAGA;2; $ 18.800,00 
;;LATON HEINEKEN;4; $ 20.000,00 
;;LEVITE 500ml;1; $ 2.100,00 
;;Levite de POMELO 1,5 L;2; $ 5.600,00 
;;MADONNA veggie;1; $ 10.900,00 
;;MADONNA veggie DOBLE;2; $ 27.800,00 
;;Mala Fama Doble 220g;4; $ 62.400,00 
;;Mala Fama Simple 110g ;9; $ 113.400,00 
;;NUGGETS X12 + PAPAS + BBQ;2; $ 16.000,00 
;;Nugget's X6 ;; $ 16.800,00 
;;Papas con Cheddar;1; $ 17.600,00 
;;Papas Mercury;1; $ 10.900,00 
;;PAPAS QUEEN;3; $ 23.400,00 
;;Papas Queen ;; $ 25.200,00 
;;PATRICIO REY DOBLE;1; $ 15.000,00 
;;PATRICIO REY SIMPLE;1; $ 12.000,00 
;;PROMO 1 -- 4 X Classic simple;5; $ 121.000,00 
;;PROMO 2-- 2 x Charly doble ;9; $ 189.900,00 
;;Red Hot DOBLE;1; $ 14.400,00 
;;Red Hot Simple 110g ;2; $ 22.800,00 
;;RESIDENTE DOBLE;3; $ 46.800,00 
;;RIHANNA ;5; $ 47.000,00 
;;Rolling Stone Doble 220g;1; $ 13.900,00 
;;Rolling Stone Simple 110g ;2; $ 21.800,00 
;;Sprite 1.5L;2; $ 8.600,00 
;;SPRITE 500 ml ;1; $ 2.400,00 
;;techno Chicken;1; $ 9.500,00 
;;Duko Simple;1; $ 11.700,00 
;;Duko Doble;1; $ 14.700,00 
;;NIRVANA  ;1; $ 13.400,00 
;;Porcion Extra de Papas Medianas;; $ 4.000,00 
14/1/2026;369630;Agua 500cc;1; $ 2.100,00 
;;AMERICANO + levite;1; $ 6.000,00 
;;Clasic Doble 220g;3; $ 38.700,00 
;;Clasic Simple 110g ;3; $ 29.700,00 
;;CLASICO + levite;1; $ 6.000,00 
;;Coca Cola 1.5 Lts;2; $ 8.600,00 
;;ENVIO;; $ 10.400,00 
;;LADY GAGA;2; $ 18.800,00 
;;Mala Fama Simple 110g ;1; $ 12.600,00 
;;MESA;;
;;Nugget's X6 ;; $ 2.800,00 
;;PAPAS QUEEN;2; $ 15.600,00 
;;PROMO 1 -- 4 X Classic simple;2; $ 48.400,00 
;;RESIDENTE SIMPLE;1; $ 12.600,00 
;;Techno Chicken DOBLE ;1; $ 12.500,00 
;;Duko Doble;1; $ 14.700,00 
;;Duko Triple 330g ;1; $ 18.000,00 
;;FANTA 500 ml;1; $ 2.400,00 
;369631;ACDC Doble;3; $ 44.400,00 
;;ACDC Triple;3; $ 54.300,00 
;;Agua 500cc;2; $ 4.200,00 
;;Andes Rubia;1; $ 3.000,00 
;;Aros de Cebolla 6 unid.;; $ 16.000,00 
;;Beatle Doble 220g ;1; $ 14.200,00 
;;Beatle Simple 110g ;1; $ 11.200,00 
;;BIZARRAP Session #1 ;1; $ 9.300,00 
;;Bob marley Simple;1; $ 10.700,00 
;;cambio x dip cheddar;; $ 1.800,00 
;;Cerveza Andes IPA;4; $ 12.000,00 
;;Cerveza Andes Roja;1; $ 3.000,00 
;;Charly Doble 220g ;7; $ 94.500,00 
;;Charly Simple 110g;4; $ 42.000,00 
;;Clasic Doble 220g;20; $ 258.000,00 
;;Clasic Simple 110g ;13; $ 128.700,00 
;;Clasic Triple 330g;4; $ 64.800,00 
;;CLASICO + levite;1; $ 6.000,00 
;;COCA 500 ml;2; $ 4.800,00 
;;Coca Cola 1.5 Lts;8; $ 34.400,00 
;;dip de cheddar;; $ 10.800,00 
;;Eminem;4; $ 62.800,00 
;;ENVIO;; $ 75.400,00 
;;FERNET ;1; $ 7.000,00 
;;franui Chocolate con leche + chocolate blanco;1; $ 9.000,00 
;;franui Chocolate semiamargo + chocolate blanco;1; $ 9.000,00 
;;Freestyle;2; $ 38.400,00 
;;Gorillaz Doble;6; $ 91.800,00 
;;Gorillaz Triple;1; $ 18.600,00 
;;HC doble;9; $ 140.400,00 
;;HC simple;1; $ 12.600,00 
;;HC TRIPLE;3; $ 56.700,00 
;;Heineken 464ml;1; $ 3.700,00 
;;KISS SIMPLE;1; $ 11.500,00 
;;LADY GAGA;4; $ 37.600,00 
;;LATA Coca-Cola 357cc;1; $ 2.500,00 
;;LATON HEINEKEN;1; $ 5.000,00 
;;LEVITE 500ml;1; $ 2.100,00 
;;Levite de Manzana 1.5 lts;1; $ 2.800,00 
;;Levite de POMELO 1,5 L;1; $ 2.800,00 
;;MADONNA veggie;1; $ 10.900,00 
;;Mala Fama Simple 110g ;2; $ 25.200,00 
;;Mala Fama Triple 330g ;1; $ 18.900,00 
;;NUGGETS X12 + PAPAS + BBQ;11; $ 88.000,00 
;;Nugget's X6 ;; $ 33.600,00 
;;Papas con Cheddar;2; $ 35.200,00 
;;Papas Mercury;2; $ 21.800,00 
;;PAPAS QUEEN;3; $ 23.400,00 
;;Papas Queen ;; $ 14.000,00 
;;PATRICIO REY DOBLE;3; $ 45.000,00 
;;PROMO 1 -- 4 X Classic simple;4; $ 96.800,00 
;;PROMO 2-- 2 x Charly doble ;4; $ 84.400,00 
;;Red Hot Simple 110g ;3; $ 34.200,00 
;;Red Hot Triple 330g ;1; $ 17.700,00 
;;RESIDENTE DOBLE;3; $ 46.800,00 
;;RESIDENTE SIMPLE;5; $ 63.000,00 
;;RIHANNA ;1; $ 9.400,00 
;;Rolling Stone Simple 110g ;1; $ 10.900,00 
;;Sprite 1.5L;2; $ 8.600,00 
;;SPRITE 500 ml ;1; $ 2.400,00 
;;STELLA ARTOIS 464ml;1; $ 3.700,00 
;;techno Chicken;1; $ 9.500,00 
;;Duko Simple;3; $ 35.100,00 
;;Duko Doble;6; $ 88.200,00 
;;Duko Triple 330g ;1; $ 18.000,00 
;;Porcion de Faina;; $ 3.000,00 
;;Lata Schweppes Pomelo Zero;1; $ 2.400,00 
;;Porcion Extra de Papas Medianas;; $ 10.000,00 
;;John Lennon Mediana;5; $ 80.000,00 
;;John Lennon XL;3; $ 66.000,00 
;;Michael Jackson XL;3; $ 72.000,00 
;;Creedence Mediana ;1; $ 21.000,00 
;;Empanada de Carne;8; $ 20.000,00 
;;Empanada de Pollo;4; $ 10.000,00 
;;Empanada de Jamon y Queso;4; $ 10.000,00 
;;6 empanadas;1; $ 13.000,00 
;;12 empanadas;1; $ 25.000,00 
15/1/2026;370631;2 tostados AMERICANOS;1; $ 8.500,00 
;;Alma Fuerte ;1; $ 12.000,00 
;;Beatle Simple 110g ;1; $ 11.200,00 
;;cambio x dip cheddar;; $ 1.800,00 
;;Charly Simple 110g;1; $ 10.500,00 
;;Clasic Doble 220g;2; $ 25.800,00 
;;Clasic Simple 110g ;3; $ 29.700,00 
;;COCA 500 ml;2; $ 4.800,00 
;;Coca Cola 1.5 Lts;1; $ 4.300,00 
;;Coca Cola Zero 1.5 Lts;1; $ 4.300,00 
;;ENVIO;; $ 15.600,00 
;;FERNET ;3; $ 21.000,00 
;;Freestyle;1; $ 19.200,00 
;;HC doble;1; $ 15.600,00 
;;Mala Fama Doble 220g;1; $ 15.600,00 
;;MESA;;
;;NUGGETS X12 + PAPAS + BBQ;3; $ 24.000,00 
;;Papas con Cheddar;1; $ 9.600,00 
;;Papas Queen ;; $ 2.800,00 
;;PROMO 1 -- 4 X Classic simple;1; $ 24.200,00 
;;PROMO 2-- 2 x Charly doble ;2; $ 42.200,00 
;;Red Hot Simple 110g ;3; $ 34.200,00 
;;RESIDENTE DOBLE;2; $ 31.200,00 
;;Duko Doble;1; $ 14.700,00 
;;Porcion Extra de Papas Medianas;; $ 2.000,00 
;370632;2 tostados CLASSIC;1; $ 8.300,00 
;;ACDC Doble;4; $ 59.200,00 
;;ACDC Simple ;1; $ 11.800,00 
;;ACDC Triple;2; $ 36.200,00 
;;Andes Rubia;3; $ 9.000,00 
;;Aros de Cebolla 6 unid.;; $ 19.200,00 
;;Beatle Doble 220g ;5; $ 71.000,00 
;;BIZARRAP Session #1 ;4; $ 37.200,00 
;;cambio x dip cheddar;; $ 1.800,00 
;;Cerveza Andes IPA;2; $ 6.000,00 
;;Cerveza Andes Roja;4; $ 12.000,00 
;;Charly Doble 220g ;4; $ 54.000,00 
;;Charly Simple 110g;1; $ 10.500,00 
;;CHOCOTORTA;1; $ 4.200,00 
;;Clasic Doble 220g;17; $ 219.300,00 
;;Clasic Simple 110g ;11; $ 108.900,00 
;;COCA 500 ml;1; $ 2.400,00 
;;Coca Cola 1.5 Lts;5; $ 21.500,00 
;;Coca Cola Zero 1.5 Lts;1; $ 4.300,00 
;;dip de cheddar;; $ 5.400,00 
;;Eminem;1; $ 15.700,00 
;;ENVIO;; $ 75.400,00 
;;franui Chocolate con leche + chocolate blanco;1; $ 9.000,00 
;;Gorillaz Doble;2; $ 30.600,00 
;;Gorillaz simple ;2; $ 24.600,00 
;;HC doble;4; $ 62.400,00 
;;HC simple;2; $ 25.200,00 
;;Heineken 464ml;3; $ 11.100,00 
;;HIP HOP;1; $ 20.500,00 
;;KISS DOBLE;2; $ 29.000,00 
;;KISS SIMPLE;1; $ 11.500,00 
;;LADY GAGA;2; $ 18.800,00 
;;LEVITE 500ml;1; $ 2.100,00 
;;Mala Fama Doble 220g;6; $ 93.600,00 
;;Mala Fama Simple 110g ;4; $ 50.400,00 
;;NUGGETS X12 + PAPAS + BBQ;6; $ 48.000,00 
;;Nugget's X6 ;; $ 25.200,00 
;;Papas con Cheddar;3; $ 34.800,00 
;;Papas Mercury;1; $ 10.900,00 
;;PAPAS QUEEN;6; $ 46.800,00 
;;Papas Queen ;; $ 28.000,00 
;;PATRICIO REY DOBLE;1; $ 15.000,00 
;;PROMO 1 -- 4 X Classic simple;6; $ 145.200,00 
;;PROMO 2-- 2 x Charly doble ;8; $ 168.800,00 
;;Red Hot Simple 110g ;1; $ 11.400,00 
;;RESIDENTE SIMPLE;1; $ 12.600,00 
;;RIHANNA ;5; $ 47.000,00 
;;SPRITE 500 ml ;1; $ 2.400,00 
;;STELLA ARTOIS 464ml;1; $ 3.700,00 
;;Duko Simple;2; $ 23.400,00 
;;Duko Doble;8; $ 117.600,00 
;;Duko Triple 330g ;1; $ 18.000,00 
;;Beatle Triple ;1; $ 17.500,00 
;;Porcion de Faina;; $ 4.500,00 
;;NIRVANA 2;1; $ 13.500,00 
;;John Lennon Mediana;1; $ 16.000,00 
;;John Lennon XL;2; $ 44.000,00 
;;Michael Jackson Mediana;1; $ 18.000,00 
;;Michael Jackson XL;1; $ 24.000,00 
;;Pink Floyd XL;1; $ 25.000,00 
;;Creedence XL;2; $ 54.000,00 
;;Creedence Mediana ;2; $ 42.000,00 
;;Empanada de Carne;1; $ 2.500,00 
;;Empanada de Pollo;2; $ 5.000,00 
;;12 empanadas;1; $ 25.000,00 
;;3 empanadas;2; $ 14.000,00 
;;EXTRA CHEDDAR ;; $ 1.500,00 
16/1/2026;371631;Beatle Doble 220g ;1; $ 14.200,00 
;;Beatle Simple 110g ;2; $ 22.400,00 
;;BIZARRAP Session #1 ;2; $ 18.600,00 
;;Bob Marley Doble ;2; $ 27.400,00 
;;Charly Doble 220g ;1; $ 13.500,00 
;;Charly Simple 110g;1; $ 10.500,00 
;;Clasic Doble 220g;3; $ 38.700,00 
;;Clasic Simple 110g ;1; $ 9.900,00 
;;COCA 500 ml;1; $ 2.400,00 
;;Coca Cola 1.5 Lts;2; $ 8.600,00 
;;Coca Cola Zero 1.5 Lts;2; $ 8.600,00 
;;ENVIO;; $ 10.400,00 
;;HC TRIPLE;1; $ 18.900,00 
;;KIDS ROCK  (Ricosaurio x 4+ papas );1; $ 6.700,00 
;;LATA Coca-Cola 357cc;1; $ 2.500,00 
;;Mala Fama Doble 220g;1; $ 15.600,00 
;;Mala Fama Simple 110g ;3; $ 37.800,00 
;;Mala Fama Triple 330g ;1; $ 18.900,00 
;;MESA;;
;;NUGGETS X12 + PAPAS + BBQ;1; $ 8.000,00 
;;Nugget's X6 ;; $ 5.600,00 
;;Papas con Cheddar;; $ 8.000,00 
;;PAPAS QUEEN;1; $ 7.800,00 
;;PROMO 2-- 2 x Charly doble ;3; $ 63.300,00 
;;RESIDENTE DOBLE;2; $ 31.200,00 
;;RIHANNA ;3; $ 28.200,00 
;;Lata Schweppes Pomelo Zero;1; $ 2.400,00 
;;Porcion Extra de Papas Medianas;; $ 4.000,00 
;371632;ACDC Doble;1; $ 14.800,00 
;;ACDC Simple ;2; $ 23.600,00 
;;ACDC Triple;1; $ 18.100,00 
;;Agua 500cc;3; $ 6.300,00 
;;Alma Fuerte ;5; $ 60.000,00 
;;Andes Rubia;2; $ 6.000,00 
;;Aros de Cebolla 6 unid.;; $ 19.200,00 
;;Beatle Doble 220g ;2; $ 28.400,00 
;;Beatle Simple 110g ;7; $ 78.400,00 
;;BIZARRAP Session #1 ;1; $ 9.300,00 
;;BIZZARAP session #2;2; $ 18.600,00 
;;Cerveza Andes IPA;1; $ 3.000,00 
;;Cerveza Andes Roja;2; $ 6.000,00 
;;Charly  Triple 330g;3; $ 50.400,00 
;;Charly Doble 220g ;7; $ 94.500,00 
;;Charly Simple 110g;4; $ 42.000,00 
;;Clasic Doble 220g;28; $ 361.200,00 
;;Clasic Simple 110g ;10; $ 99.000,00 
;;Clasic Triple 330g;7; $ 113.400,00 
;;COCA 500 ml;3; $ 7.200,00 
;;Coca Cola 1.5 Lts;14; $ 60.200,00 
;;dip de barbacoa;; $ 2.000,00 
;;dip de cheddar;; $ 21.600,00 
;;ENVIO;; $ 98.800,00 
;;franui Chocolate con leche + chocolate blanco;3; $ 27.000,00 
;;franui Chocolate semiamargo + chocolate blanco;1; $ 9.000,00 
;;Freestyle;4; $ 76.800,00 
;;Fried Onion Doble 220g;2; $ 28.800,00 
;;Gorillaz Doble;1; $ 15.300,00 
;;Gorillaz simple ;2; $ 24.600,00 
;;HC doble;10; $ 156.000,00 
;;HC simple;4; $ 50.400,00 
;;HC TRIPLE;4; $ 75.600,00 
;;Heineken 464ml;2; $ 7.400,00 
;;HIP HOP;3; $ 61.500,00 
;;KIDS ROCK  (Ricosaurio x 4+ papas );1; $ 6.700,00 
;;KISS DOBLE;2; $ 29.000,00 
;;LATA Coca-Cola 357cc;2; $ 5.000,00 
;;LEVITE 500ml;1; $ 2.100,00 
;;Levite de POMELO 1,5 L;1; $ 2.800,00 
;;MADONNA veggie;1; $ 10.900,00 
;;Mala Fama Doble 220g;13; $ 202.800,00 
;;Mala Fama Simple 110g ;4; $ 50.400,00 
;;Mala Fama Triple 330g ;1; $ 18.900,00 
;;NUGGETS X12 + PAPAS + BBQ;7; $ 56.000,00 
;;Nugget's X6 ;; $ 42.000,00 
;;Papas con Cheddar;5; $ 76.000,00 
;;Papas Mercury;1; $ 10.900,00 
;;PAPAS QUEEN;5; $ 39.000,00 
;;Papas Queen ;; $ 61.600,00 
;;PROMO 1 -- 4 X Classic simple;7; $ 169.400,00 
;;PROMO 2-- 2 x Charly doble ;13; $ 274.300,00 
;;Red Hot DOBLE;5; $ 72.000,00 
;;Red Hot Simple 110g ;5; $ 57.000,00 
;;Red Hot Triple 330g ;1; $ 17.700,00 
;;RESIDENTE DOBLE;11; $ 171.600,00 
;;RESIDENTE SIMPLE;4; $ 50.400,00 
;;RIHANNA ;2; $ 18.800,00 
;;Rolling Stone Doble 220g;2; $ 27.800,00 
;;Rolling Stone Simple 110g ;1; $ 10.900,00 
;;Sprite 1.5L;2; $ 8.600,00 
;;STELLA ARTOIS 464ml;4; $ 14.800,00 
;;TIRAMISU;1; $ 4.200,00 
;;Duko Simple;5; $ 58.500,00 
;;Duko Doble;13; $ 191.100,00 
;;Duko Triple 330g ;1; $ 18.000,00 
;;Beatle Triple ;2; $ 35.000,00 
;;NIRVANA  ;1; $ 13.400,00 
;;Porcion Extra de Papas Medianas;; $ 18.000,00 
;;John Lennon Mediana;2; $ 32.000,00 
;;John Lennon XL;7; $ 154.000,00 
;;Michael Jackson XL;1; $ 24.000,00 
;;Creedence XL;1; $ 27.000,00 
;;Creedence Mediana ;1; $ 21.000,00 
;;Empanada de Carne;3; $ 7.500,00 
;;Empanada de Pollo;3; $ 7.500,00 
;;Empanada de Jamon y Queso;5; $ 12.500,00 
;;Elvis Presley XL;1; $ 34.000,00 
;;6 empanadas;1; $ 13.000,00 
;;EXTRA CHEDDAR ;; $ 4.500,00 
17/1/2026;372632;Alma Fuerte ;1; $ 12.000,00 
;;Aros de Cebolla 6 unid.;; $ 3.200,00 
;;AROS DE CEBOLLA X 12 + PAPAS + BBQ;1; $ 7.600,00 
;;Beatle Doble 220g ;1; $ 14.200,00 
;;Charly Simple 110g;2; $ 21.000,00 
;;Clasic Doble 220g;1; $ 12.900,00 
;;Clasic Simple 110g ;1; $ 9.900,00 
;;dip de cheddar;; $ 2.700,00 
;;ENVIO;; $ 13.000,00 
;;HC doble;1; $ 15.600,00 
;;Mala Fama Simple 110g ;2; $ 25.200,00 
;;Mala Fama Triple 330g ;1; $ 18.900,00 
;;NUGGETS X12 + PAPAS + BBQ;1; $ 8.000,00 
;;Nugget's X6 ;; $ 5.600,00 
;;Papas con Cheddar;1; $ 7.600,00 
;;PAPAS QUEEN;1; $ 7.800,00 
;;Papas Queen ;; $ 2.800,00 
;;Rolling Stone Doble 220g;1; $ 13.900,00 
;;Duko Simple;1; $ 11.700,00 
;;Beatle Triple ;2; $ 35.000,00 
;;Porcion Extra de Papas Medianas;; $ 2.000,00 
;;EXTRA CHEDDAR ;; $ 1.500,00 
;372633;2 tostados AMERICANOS;1; $ 8.500,00 
;;ACDC Doble;4; $ 59.200,00 
;;ACDC Triple;1; $ 18.100,00 
;;Agua 500cc;6; $ 12.600,00 
;;Alma Fuerte ;1; $ 12.000,00 
;;AMERICANO + levite;1; $ 6.000,00 
;;Andes Rubia;2; $ 6.000,00 
;;Aros de Cebolla 6 unid.;; $ 9.600,00 
;;AROS DE CEBOLLA X 12 + PAPAS + BBQ;2; $ 15.200,00 
;;Beatle Doble 220g ;4; $ 56.800,00 
;;Beatle Simple 110g ;3; $ 33.600,00 
;;BIZARRAP Session #1 ;1; $ 9.300,00 
;;Bob Marley Doble ;1; $ 13.700,00 
;;cambio x dip cheddar;; $ 1.800,00 
;;Cerveza Andes IPA;3; $ 9.000,00 
;;Cerveza Andes Roja;1; $ 3.000,00 
;;Charly Doble 220g ;8; $ 108.000,00 
;;Charly Simple 110g;4; $ 42.000,00 
;;CHOCOTORTA;2; $ 8.400,00 
;;Clasic Doble 220g;12; $ 154.800,00 
;;Clasic Simple 110g ;17; $ 168.300,00 
;;Clasic Triple 330g;8; $ 129.600,00 
;;COCA 500 ml;6; $ 14.400,00 
;;Coca Cola 1.5 Lts;12; $ 51.600,00 
;;Coca Cola Zero 1.5 Lts;1; $ 4.300,00 
;;dip de barbacoa;; $ 2.000,00 
;;dip de cheddar;; $ 8.100,00 
;;Eminem;2; $ 31.400,00 
;;ENVIO;; $ 133.900,00 
;;franui Chocolate con leche + chocolate blanco;3; $ 27.000,00 
;;Freestyle;1; $ 19.200,00 
;;Gorillaz Doble;3; $ 45.900,00 
;;Gorillaz simple ;1; $ 12.300,00 
;;Gorillaz Triple;1; $ 18.600,00 
;;HC doble;7; $ 109.200,00 
;;HC TRIPLE;1; $ 18.900,00 
;;Heineken 464ml;3; $ 11.100,00 
;;KIDS ROCK  (Ricosaurio x 4+ papas );4; $ 26.800,00 
;;KISS DOBLE;4; $ 58.000,00 
;;KISS SIMPLE;2; $ 23.000,00 
;;LADY GAGA;2; $ 18.800,00 
;;Levite de POMELO 1,5 L;2; $ 5.600,00 
;;MADONNA veggie;2; $ 21.800,00 
;;Mala Fama Doble 220g;9; $ 140.400,00 
;;Mala Fama Simple 110g ;4; $ 50.400,00 
;;Mala Fama Triple 330g ;3; $ 56.700,00 
;;NUGGETS X12 + PAPAS + BBQ;12; $ 96.000,00 
;;Nugget's X6 ;; $ 50.400,00 
;;Papas con Cheddar;3; $ 66.800,00 
;;Papas Mercury;1; $ 10.900,00 
;;PAPAS QUEEN;8; $ 62.400,00 
;;Papas Queen ;; $ 56.000,00 
;;PROMO 1 -- 4 X Classic simple;7; $ 169.400,00 
;;PROMO 2-- 2 x Charly doble ;20; $ 422.000,00 
;;Red Hot DOBLE;3; $ 43.200,00 
;;Red Hot Simple 110g ;2; $ 22.800,00 
;;RESIDENTE DOBLE;5; $ 78.000,00 
;;RESIDENTE SIMPLE;2; $ 25.200,00 
;;RIHANNA ;2; $ 18.800,00 
;;Rolling Stone Doble 220g;3; $ 41.700,00 
;;Rolling Stone Simple 110g ;1; $ 10.900,00 
;;Sprite 1.5L;1; $ 4.300,00 
;;SPRITE 500 ml ;1; $ 2.400,00 
;;STELLA ARTOIS 464ml;4; $ 14.800,00 
;;Techno Chicken DOBLE ;1; $ 12.500,00 
;;TIRAMISU;2; $ 8.400,00 
;;Duko Simple;5; $ 58.500,00 
;;Duko Doble;20; $ 294.000,00 
;;Porcion de Faina;; $ 7.500,00 
;;TIRAMISU DE PISTACHO;1; $ 4.200,00 
;;NIRVANA  ;2; $ 26.800,00 
;;NIRVANA 2;1; $ 13.500,00 
;;Porcion Extra de Papas Medianas;; $ 12.000,00 
;;John Lennon Mediana;4; $ 64.000,00 
;;John Lennon XL;5; $ 110.000,00 
;;Pink Floyd Mediana;3; $ 57.000,00 
;;Pink Floyd XL;6; $ 150.000,00 
;;Creedence XL;4; $ 108.000,00 
;;Creedence Mediana ;2; $ 42.000,00 
;;Empanada de Carne;10; $ 25.000,00 
;;Empanada de Pollo;5; $ 12.500,00 
;;Empanada de Jamon y Queso;13; $ 32.500,00 
;;6 empanadas;3; $ 39.000,00 
;;12 empanadas;2; $ 50.000,00 
;;3 empanadas;2; $ 14.000,00 
18/1/2026;373633;2 tostados AMERICANOS;3; $ 25.500,00 
;;ACDC Doble;4; $ 59.200,00 
;;ACDC Simple ;3; $ 35.400,00 
;;Alma Fuerte ;6; $ 72.000,00 
;;Andes Rubia;1; $ 3.000,00 
;;Aros de Cebolla 6 unid.;; $ 22.400,00 
;;Beatle Doble 220g ;1; $ 14.200,00 
;;Beatle Simple 110g ;3; $ 33.600,00 
;;BIZZARAP session #2;5; $ 46.500,00 
;;cambio x dip cheddar;; $ 900,00 
;;Cerveza Andes IPA;1; $ 3.000,00 
;;Charly  Triple 330g;1; $ 16.800,00 
;;Charly Doble 220g ;6; $ 81.000,00 
;;Charly Simple 110g;3; $ 31.500,00 
;;CHOCOTORTA;1; $ 4.200,00 
;;Clasic Doble 220g;21; $ 270.900,00 
;;Clasic Simple 110g ;22; $ 217.800,00 
;;Clasic Triple 330g;2; $ 32.400,00 
;;Coca Cola 1.5 Lts;8; $ 34.400,00 
;;Coca Cola Zero 1.5 Lts;1; $ 4.300,00 
;;dip de barbacoa;; $ 2.000,00 
;;dip de cheddar;; $ 8.100,00 
;;Eminem;1; $ 15.700,00 
;;ENVIO;; $ 124.800,00 
;;Freestyle;3; $ 57.600,00 
;;Gorillaz simple ;1; $ 12.300,00 
;;HC doble;8; $ 124.800,00 
;;HC simple;3; $ 37.800,00 
;;HC TRIPLE;1; $ 18.900,00 
;;Heineken 464ml;4; $ 14.800,00 
;;HIP HOP;2; $ 41.000,00 
;;KISS DOBLE;2; $ 29.000,00 
;;KISS SIMPLE;1; $ 11.500,00 
;;LATA Coca-Cola 357cc;2; $ 5.000,00 
;;LEVITE 500ml;1; $ 2.100,00 
;;Mala Fama Doble 220g;18; $ 280.800,00 
;;Mala Fama Simple 110g ;7; $ 88.200,00 
;;Mala Fama Triple 330g ;4; $ 75.600,00 
;;NUGGETS X12 + PAPAS + BBQ;6; $ 48.000,00 
;;Nugget's X6 ;; $ 47.600,00 
;;Papas con Cheddar;2; $ 51.200,00 
;;PAPAS QUEEN;8; $ 62.400,00 
;;Papas Queen ;; $ 58.800,00 
;;PATRICIO REY DOBLE;2; $ 30.000,00 
;;PATRICIO REY SIMPLE;1; $ 12.000,00 
;;PROMO 1 -- 4 X Classic simple;14; $ 338.800,00 
;;PROMO 2-- 2 x Charly doble ;7; $ 147.700,00 
;;Red Hot DOBLE;1; $ 14.400,00 
;;Red Hot Simple 110g ;2; $ 22.800,00 
;;Red Hot Triple 330g ;1; $ 17.700,00 
;;RESIDENTE DOBLE;8; $ 124.800,00 
;;RESIDENTE SIMPLE;5; $ 63.000,00 
;;RIHANNA ;1; $ 9.400,00 
;;Rolling Stone Doble 220g;2; $ 27.800,00 
;;Rolling Stone Simple 110g ;1; $ 10.900,00 
;;STELLA ARTOIS 464ml;1; $ 3.700,00 
;;techno Chicken;3; $ 28.500,00 
;;Techno Chicken DOBLE ;2; $ 25.000,00 
;;Duko Simple;12; $ 140.400,00 
;;Duko Doble;8; $ 117.600,00 
;;Duko Triple 330g ;2; $ 36.000,00 
;;Porcion de Faina;; $ 3.000,00 
;;NIRVANA  ;2; $ 26.800,00 
;;NIRVANA 2;2; $ 27.000,00 
;;Porcion Extra de Papas Medianas;; $ 4.000,00 
;;John Lennon Mediana;5; $ 80.000,00 
;;John Lennon XL;3; $ 66.000,00 
;;Michael Jackson Mediana;1; $ 18.000,00 
;;Pink Floyd Mediana;1; $ 19.000,00 
;;Pink Floyd XL;2; $ 50.000,00 
;;Creedence XL;2; $ 54.000,00 
;;Creedence Mediana ;3; $ 63.000,00 
;;Empanada de Carne;7; $ 17.500,00 
;;Empanada de Pollo;1; $ 2.500,00 
;;Empanada de Jamon y Queso;2; $ 5.000,00 
;;6 empanadas;1; $ 13.000,00 
;;3 empanadas;1; $ 7.000,00 
19/1/2026;374633;ACDC Doble;4; $ 59.200,00 
;;ACDC Simple ;1; $ 11.800,00 
;;Andes Rubia;1; $ 3.000,00 
;;Aros de Cebolla 6 unid.;; $ 12.800,00 
;;AROS DE CEBOLLA X 12 + PAPAS + BBQ;1; $ 7.600,00 
;;Beatle Doble 220g ;2; $ 28.400,00 
;;Beatle Simple 110g ;1; $ 11.200,00 
;;BIZZARAP session #2;1; $ 9.300,00 
;;Bob Marley Doble ;2; $ 27.400,00 
;;Charly Doble 220g ;3; $ 40.500,00 
;;Charly Simple 110g;1; $ 10.500,00 
;;Clasic Doble 220g;9; $ 116.100,00 
;;Clasic Simple 110g ;5; $ 49.500,00 
;;Clasic Triple 330g;2; $ 32.400,00 
;;COCA 500 ml;1; $ 2.400,00 
;;Coca Cola 1.5 Lts;4; $ 17.200,00 
;;dip de cheddar;; $ 5.400,00 
;;ENVIO;; $ 55.900,00 
;;franui Chocolate con leche + chocolate blanco;2; $ 18.000,00 
;;Gorillaz simple ;1; $ 12.300,00 
;;HC doble;5; $ 78.000,00 
;;HC simple;1; $ 12.600,00 
;;HC TRIPLE;2; $ 37.800,00 
;;HIP HOP;2; $ 41.000,00 
;;KIDS ROCK  (Ricosaurio x 4+ papas );1; $ 6.700,00 
;;KISS DOBLE;2; $ 29.000,00 
;;KISS SIMPLE;1; $ 11.500,00 
;;LEVITE 500ml;1; $ 2.100,00 
;;MADONNA veggie DOBLE;1; $ 13.900,00 
;;Mala Fama Doble 220g;3; $ 46.800,00 
;;Mala Fama Simple 110g ;4; $ 50.400,00 
;;NUGGETS X12 + PAPAS + BBQ;2; $ 16.000,00 
;;Nugget's X6 ;; $ 19.600,00 
;;Papas con Cheddar;1; $ 21.600,00 
;;Papas Mercury;1; $ 10.900,00 
;;PAPAS QUEEN;1; $ 7.800,00 
;;Papas Queen ;; $ 11.200,00 
;;PROMO 1 -- 4 X Classic simple;1; $ 24.200,00 
;;PROMO 2-- 2 x Charly doble ;5; $ 105.500,00 
;;Red Hot DOBLE;2; $ 28.800,00 
;;Red Hot Simple 110g ;5; $ 57.000,00 
;;RESIDENTE DOBLE;2; $ 31.200,00 
;;RESIDENTE SIMPLE;1; $ 12.600,00 
;;RIHANNA ;1; $ 9.400,00 
;;Sprite 1.5L;1; $ 4.300,00 
;;Duko Simple;2; $ 23.400,00 
;;Duko Doble;4; $ 58.800,00 
;;Duko Triple 330g ;1; $ 18.000,00 
;;Porcion Extra de Papas Medianas;; $ 4.000,00 
;;John Lennon XL;2; $ 44.000,00 
;;Michael Jackson XL;2; $ 48.000,00 
;;Pink Floyd XL;3; $ 75.000,00 
;;Creedence Mediana ;1; $ 21.000,00 
;;Empanada de Carne;6; $ 15.000,00 
;;Empanada de Pollo;4; $ 10.000,00 
;;Empanada de Jamon y Queso;1; $ 2.500,00 
;;Elvis Presley MEDIANA;1; $ 27.000,00 
;;6 empanadas;2; $ 26.000,00 
;;12 empanadas;1; $ 25.000,00 
;;EXTRA CHEDDAR ;; $ 1.500,00 
20/1/2026;374634;AMERICANO + levite;1; $ 6.000,00 
;;AROS DE CEBOLLA X 12 + PAPAS + BBQ;2; $ 15.200,00 
;;Beatle Doble 220g ;2; $ 28.400,00 
;;Bob Marley Doble ;1; $ 13.700,00 
;;Clasic Doble 220g;5; $ 64.500,00 
;;Clasic Simple 110g ;1; $ 9.900,00 
;;Coca Cola 1.5 Lts;3; $ 12.900,00 
;;dip de cheddar;; $ 2.700,00 
;;ENVIO;; $ 16.900,00 
;;FERNET ;1; $ 7.000,00 
;;Fried Onion Doble 220g;1; $ 14.400,00 
;;HC doble;2; $ 31.200,00 
;;HC simple;2; $ 25.200,00 
;;LADY GAGA;1; $ 9.400,00 
;;LATA Coca-Cola 357cc;1; $ 2.500,00 
;;Levite de POMELO 1,5 L;1; $ 2.800,00 
;;Mala Fama Doble 220g;1; $ 15.600,00 
;;Mala Fama Simple 110g ;1; $ 12.600,00 
;;MESA;;
;;Nugget's X6 ;; $ 5.600,00 
;;Papas con Cheddar;; $ 4.000,00 
;;Papas Queen ;; $ 16.800,00 
;;RIHANNA ;2; $ 18.800,00 
;;Duko Doble;3; $ 44.100,00 
;;Duko Triple 330g ;1; $ 18.000,00 
;;NIRVANA  ;1; $ 13.400,00 
;;Porcion Extra de Papas Medianas;; $ 4.000,00 
;374635;2 tostados AMERICANOS;2; $ 17.000,00 
;;ACDC Doble;2; $ 29.600,00 
;;Alma Fuerte ;2; $ 24.000,00 
;;Andes Rubia;2; $ 6.000,00 
;;Aros de Cebolla 6 unid.;; $ 12.800,00 
;;Beatle Doble 220g ;1; $ 14.200,00 
;;Beatle Simple 110g ;2; $ 22.400,00 
;;BIZARRAP Session #1 ;2; $ 18.600,00 
;;BIZZARAP session #2;3; $ 27.900,00 
;;Bob Marley Doble ;1; $ 13.700,00 
;;Charly  Triple 330g;1; $ 16.800,00 
;;Charly Doble 220g ;6; $ 81.000,00 
;;Charly Simple 110g;1; $ 10.500,00 
;;Clasic Doble 220g;22; $ 283.800,00 
;;Clasic Simple 110g ;5; $ 49.500,00 
;;Clasic Triple 330g;1; $ 16.200,00 
;;Coca Cola 1.5 Lts;1; $ 4.300,00 
;;Coca Cola Zero 1.5 Lts;4; $ 17.200,00 
;;dip de cheddar;; $ 8.100,00 
;;ENVIO;; $ 52.000,00 
;;franui Chocolate con leche + chocolate blanco;1; $ 9.000,00 
;;Freestyle;2; $ 38.400,00 
;;Gorillaz simple ;1; $ 12.300,00 
;;HC doble;5; $ 78.000,00 
;;HIP HOP;1; $ 20.500,00 
;;KISS SIMPLE;2; $ 23.000,00 
;;Mala Fama Doble 220g;2; $ 31.200,00 
;;Mala Fama Simple 110g ;8; $ 100.800,00 
;;NUGGETS X12 + PAPAS + BBQ;2; $ 16.000,00 
;;Nugget's X6 ;; $ 25.200,00 
;;Papas con Cheddar;; $ 4.000,00 
;;PAPAS QUEEN;1; $ 7.800,00 
;;Papas Queen ;; $ 22.400,00 
;;PROMO 1 -- 4 X Classic simple;8; $ 193.600,00 
;;PROMO 2-- 2 x Charly doble ;5; $ 105.500,00 
;;Red Hot DOBLE;1; $ 14.400,00 
;;RESIDENTE DOBLE;2; $ 31.200,00 
;;Rolling Stone Doble 220g;3; $ 41.700,00 
;;Rolling Stone Simple 110g ;1; $ 10.900,00 
;;Sprite 1.5L;1; $ 4.300,00 
;;Duko Simple;1; $ 11.700,00 
;;Duko Doble;4; $ 58.800,00 
;;NIRVANA 2;1; $ 13.500,00 
;;Porcion Extra de Papas Medianas;; $ 6.000,00 
21/1/2026;374636;2 tostados CLASSIC;2; $ 16.600,00 
;;ACDC Doble;1; $ 14.800,00 
;;Agua 500cc;1; $ 2.100,00 
;;Alma Fuerte ;2; $ 24.000,00 
;;Charly Simple 110g;2; $ 21.000,00 
;;Clasic Doble 220g;10; $ 129.000,00 
;;Coca Cola 1.5 Lts;2; $ 8.600,00 
;;Coca Cola Zero 1.5 Lts;2; $ 8.600,00 
;;ENVIO;; $ 6.500,00 
;;LADY GAGA;1; $ 9.400,00 
;;Mala Fama Simple 110g ;1; $ 12.600,00 
;;MESA;;
;;Papas con Cheddar;; $ 2.000,00 
;;PROMO 2-- 2 x Charly doble ;3; $ 63.300,00 
;;Red Hot Simple 110g ;1; $ 11.400,00 
;;RIHANNA ;2; $ 18.800,00 
;;SPRITE 500 ml ;1; $ 2.400,00 
;;NIRVANA  ;1; $ 13.400,00 
;374637;ACDC Doble;4; $ 62.000,00 
;;ACDC Simple ;2; $ 25.000,00 
;;ACDC Triple;1; $ 18.800,00 
;;Alma Fuerte ;2; $ 25.400,00 
;;Andes Rubia;1; $ 3.000,00 
;;Aros de Cebolla 6 unid.;; $ 20.400,00 
;;Beatle Doble 220g ;5; $ 74.500,00 
;;Beatle Simple 110g ;2; $ 23.800,00 
;;BIZARRAP Session #1 ;1; $ 9.900,00 
;;BIZZARAP session #2;1; $ 9.900,00 
;;Cerveza Andes IPA;1; $ 3.000,00 
;;Charly Doble 220g ;2; $ 28.200,00 
;;Charly Simple 110g;1; $ 11.100,00 
;;CHOCOTORTA;4; $ 16.800,00 
;;Clasic Doble 220g;12; $ 162.000,00 
;;Clasic Simple 110g ;6; $ 63.000,00 
;;CLASICO + levite;1; $ 6.400,00 
;;Coca Cola Zero 1.5 Lts;1; $ 4.300,00 
;;dip de barbacoa;; $ 1.100,00 
;;dip de cheddar;; $ 5.400,00 
;;ENVIO;; $ 63.700,00 
;;franui Chocolate semiamargo + chocolate blanco;2; $ 18.000,00 
;;Freestyle;3; $ 61.200,00 
;;Gorillaz Doble;2; $ 32.000,00 
;;Gorillaz simple ;2; $ 26.000,00 
;;Gorillaz Triple;1; $ 19.300,00 
;;HC doble;4; $ 65.600,00 
;;HC simple;1; $ 13.400,00 
;;HC TRIPLE;1; $ 19.700,00 
;;Heineken 464ml;1; $ 3.700,00 
;;HIP HOP;1; $ 21.800,00 
;;KISS SIMPLE;2; $ 24.400,00 
;;LADY GAGA;1; $ 9.900,00 
;;LATON HEINEKEN;2; $ 10.000,00 
;;LEVITE 500ml;1; $ 2.100,00 
;;Mala Fama Doble 220g;4; $ 65.600,00 
;;Mala Fama Simple 110g ;5; $ 67.000,00 
;;NUGGETS X12 + PAPAS + BBQ;1; $ 8.500,00 
;;Nugget's X6 ;; $ 25.200,00 
;;Papas con Cheddar;3; $ 28.800,00 
;;Papas Mercury;1; $ 11.500,00 
;;PAPAS QUEEN;1; $ 8.300,00 
;;Papas Queen ;; $ 21.000,00 
;;PATRICIO REY DOBLE;1; $ 15.700,00 
;;PATRICIO REY SIMPLE;1; $ 12.700,00 
;;PROMO 1 -- 4 X Classic simple;4; $ 102.400,00 
;;PROMO 2-- 2 x Charly doble ;5; $ 112.000,00 
;;Red Hot DOBLE;1; $ 15.100,00 
;;RESIDENTE DOBLE;2; $ 32.800,00 
;;RESIDENTE SIMPLE;1; $ 13.400,00 
;;Rolling Stone Simple 110g ;2; $ 23.200,00 
;;SPRITE 500 ml ;1; $ 2.400,00 
;;TIRAMISU;2; $ 8.400,00 
;;Duko Simple;3; $ 37.200,00 
;;Duko Doble;4; $ 61.600,00 
;;Beatle Triple ;1; $ 18.200,00 
;;Porcion de Faina;; $ 9.000,00 
;;Porcion Extra de Papas Medianas;; $ 2.000,00 
;;John Lennon Mediana;1; $ 16.000,00 
;;Pink Floyd Mediana;1; $ 19.000,00 
;;Pink Floyd XL;1; $ 25.000,00 
;;Creedence XL;1; $ 27.000,00 
;;Creedence Mediana ;1; $ 21.000,00 
;;3 empanadas;1; $ 7.000,00 
22/1/2026;374638;ACDC Doble;4; $ 62.000,00 
;;Agua 500cc;1; $ 2.100,00 
;;Bob Marley Doble ;1; $ 14.300,00 
;;Cerveza Andes Roja;1; $ 3.000,00 
;;Charly Doble 220g ;2; $ 28.200,00 
;;Charly Simple 110g;1; $ 11.100,00 
;;Clasic Doble 220g;2; $ 27.000,00 
;;Clasic Simple 110g ;2; $ 21.000,00 
;;COCA 500 ml;1; $ 2.400,00 
;;Coca Cola 1.5 Lts;5; $ 21.500,00 
;;Coca Cola Zero 1.5 Lts;1; $ 4.300,00 
;;dip de cheddar;; $ 2.700,00 
;;ENVIO;; $ 11.700,00 
;;franui Chocolate semiamargo + chocolate blanco;1; $ 9.000,00 
;;Freestyle;1; $ 20.400,00 
;;KISS DOBLE;1; $ 15.200,00 
;;LADY GAGA;1; $ 9.900,00 
;;NUGGETS X12 + PAPAS + BBQ;2; $ 17.000,00 
;;Papas con Cheddar;1; $ 8.200,00 
;;PAPAS QUEEN;1; $ 8.300,00 
;;PROMO 2-- 2 x Charly doble ;3; $ 67.200,00 
;;RESIDENTE SIMPLE;1; $ 13.400,00 
;;RIHANNA ;3; $ 29.700,00 
;;SPRITE 500 ml ;1; $ 2.400,00 
;;Duko Doble;1; $ 15.400,00 
;374639;2 tostados CLASSIC;1; $ 9.000,00 
;;ACDC Doble;1; $ 15.500,00 
;;Aros de Cebolla 6 unid.;; $ 6.800,00 
;;Beatle Doble 220g ;5; $ 74.500,00 
;;BIZARRAP Session #1 ;3; $ 29.700,00 
;;BIZZARAP session #2;2; $ 19.800,00 
;;Cerveza Andes IPA;2; $ 6.000,00 
;;Cerveza Andes Roja;1; $ 3.000,00 
;;Charly  Triple 330g;1; $ 17.400,00 
;;Charly Doble 220g ;4; $ 56.400,00 
;;Clasic Doble 220g;16; $ 216.000,00 
;;Clasic Simple 110g ;12; $ 126.000,00 
;;Clasic Triple 330g;2; $ 33.600,00 
;;COCA 500 ml;1; $ 2.400,00 
;;Coca Cola 1.5 Lts;9; $ 38.700,00 
;;Coca Cola Zero 1.5 Lts;2; $ 8.600,00 
;;dip de barbacoa;; $ 1.100,00 
;;dip de cheddar;; $ 2.700,00 
;;ENVIO;; $ 42.900,00 
;;franui Chocolate semiamargo + chocolate blanco;1; $ 9.000,00 
;;Freestyle;2; $ 40.800,00 
;;Fried Onion Simple 110g ;2; $ 24.200,00 
;;Gorillaz simple ;1; $ 13.000,00 
;;HC doble;2; $ 32.800,00 
;;HC simple;2; $ 26.800,00 
;;Heineken 464ml;4; $ 14.800,00 
;;HIP HOP;1; $ 21.800,00 
;;KIDS ROCK  (Ricosaurio x 4+ papas );3; $ 21.300,00 
;;KISS DOBLE;1; $ 15.200,00 
;;LADY GAGA;2; $ 19.800,00 
;;LATA Coca-Cola 357cc;1; $ 2.500,00 
;;LATA Coca-Cola zero;1; $ 2.500,00 
;;LATON HEINEKEN;4; $ 20.000,00 
;;Levite de POMELO 1,5 L;1; $ 2.800,00 
;;MADONNA veggie DOBLE;1; $ 14.500,00 
;;Mala Fama Doble 220g;3; $ 49.200,00 
;;Mala Fama Simple 110g ;1; $ 13.400,00 
;;Mala Fama Triple 330g ;2; $ 39.400,00 
;;NUGGETS X12 + PAPAS + BBQ;1; $ 8.500,00 
;;Nugget's X6 ;; $ 8.400,00 
;;Papas con Cheddar;2; $ 35.300,00 
;;Papas Mercury;1; $ 11.500,00 
;;PAPAS QUEEN;2; $ 16.600,00 
;;Papas Queen ;; $ 24.000,00 
;;PATRICIO REY SIMPLE;1; $ 12.700,00 
;;PROMO 1 -- 4 X Classic simple;5; $ 128.000,00 
;;PROMO 2-- 2 x Charly doble ;5; $ 112.000,00 
;;Red Hot DOBLE;6; $ 90.600,00 
;;Red Hot Simple 110g ;1; $ 12.100,00 
;;Red Hot Triple 330g ;2; $ 36.800,00 
;;RESIDENTE DOBLE;1; $ 16.400,00 
;;RESIDENTE SIMPLE;1; $ 13.400,00 
;;Rolling Stone Doble 220g;1; $ 14.600,00 
;;Sprite 1.5L;1; $ 4.300,00 
;;Duko Simple;7; $ 86.800,00 
;;Duko Doble;8; $ 123.200,00 
;;Duko Triple 330g ;1; $ 18.700,00 
;;Beatle Triple ;1; $ 18.200,00 
;;NIRVANA  ;2; $ 28.400,00 
;;NIRVANA 2;1; $ 14.300,00 
;;Porcion Extra de Papas Medianas;; $ 2.000,00 
;;Pink Floyd Mediana;2; $ 38.000,00 
;;Michael Jackson XL;1; $ 24.000,00 
;;Creedence XL;1; $ 27.000,00 
;;12 empanadas;1; $ 25.000,00 
;;3 empanadas;2; $ 14.000,00 
23/1/2026;374640;AROS DE CEBOLLA X 12 + PAPAS + BBQ;1; $ 8.100,00 
;;Beatle Doble 220g ;1; $ 14.900,00 
;;Beatle Simple 110g ;2; $ 23.800,00 
;;BIZARRAP Session #1 ;1; $ 9.900,00 
;;cambio x dip cheddar;; $ 900,00 
;;Charly Doble 220g ;2; $ 28.200,00 
;;Clasic Doble 220g;3; $ 40.500,00 
;;Clasic Simple 110g ;6; $ 63.000,00 
;;Coca Cola 1.5 Lts;1; $ 4.300,00 
;;Coca Cola Zero 1.5 Lts;1; $ 4.300,00 
;;dip de barbacoa;; $ 1.100,00 
;;ENVIO;; $ 19.500,00 
;;HC doble;1; $ 16.400,00 
;;KISS DOBLE;1; $ 15.200,00 
;;kiss triple;1; $ 18.500,00 
;;LADY GAGA;1; $ 9.900,00 
;;Levite de POMELO 1,5 L;1; $ 2.800,00 
;;NUGGETS X12 + PAPAS + BBQ;2; $ 17.000,00 
;;Nugget's X6 ;; $ 8.400,00 
;;Papas con Cheddar;; $ 6.300,00 
;;Papas Queen ;; $ 12.000,00 
;;PROMO 1 -- 4 X Classic simple;1; $ 25.600,00 
;;PROMO 2-- 2 x Charly doble ;3; $ 67.200,00 
;;RESIDENTE DOBLE;1; $ 16.400,00 
;;Techno Chicken DOBLE ;1; $ 13.000,00 
;;Duko Simple;1; $ 12.400,00 
;;Duko Doble;3; $ 46.200,00 
;;NIRVANA  ;1; $ 14.200,00 
;;NIRVANA 2;1; $ 14.300,00 
;;Porcion Extra de Papas Medianas;; $ 4.000,00 
;375640;ACDC Doble;3; $ 46.500,00 
;;ACDC Simple ;2; $ 25.000,00 
;;ACDC Triple;1; $ 18.800,00 
;;Agua 500cc;2; $ 4.200,00 
;;Alma Fuerte ;3; $ 38.100,00 
;;Andes Rubia;2; $ 6.000,00 
;;Aros de Cebolla 6 unid.;; $ 13.600,00 
;;AROS DE CEBOLLA X 12 + PAPAS + BBQ;2; $ 16.200,00 
;;Beatle Doble 220g ;5; $ 74.500,00 
;;Beatle Simple 110g ;4; $ 47.600,00 
;;BIZARRAP Session #1 ;1; $ 9.900,00 
;;BIZZARAP session #2;4; $ 39.600,00 
;;CAMPARI;1; $ 7.000,00 
;;Cerveza Andes IPA;4; $ 12.000,00 
;;Cerveza Andes Roja;3; $ 9.000,00 
;;Charly Doble 220g ;7; $ 98.700,00 
;;Charly Simple 110g;9; $ 99.900,00 
;;CHOCOTORTA;2; $ 8.400,00 
;;Clasic Doble 220g;37; $ 499.500,00 
;;Clasic Simple 110g ;16; $ 168.000,00 
;;Clasic Triple 330g;6; $ 100.800,00 
;;COCA 500 ml;2; $ 4.800,00 
;;Coca Cola 1.5 Lts;20; $ 86.000,00 
;;Coca Cola Zero 1.5 Lts;3; $ 12.900,00 
;;dip de cheddar;; $ 18.900,00 
;;ENVIO;; $ 96.200,00 
;;FERNET ;2; $ 14.000,00 
;;franui Chocolate con leche + chocolate blanco;1; $ 9.000,00 
;;Freestyle;5; $ 102.000,00 
;;Fried Onion Doble 220g;1; $ 15.100,00 
;;Gorillaz simple ;1; $ 13.000,00 
;;Gorillaz Triple;1; $ 19.300,00 
;;HC doble;9; $ 147.600,00 
;;HC TRIPLE;4; $ 78.800,00 
;;Heineken 464ml;8; $ 29.600,00 
;;KIDS ROCK  (Ricosaurio x 4+ papas );1; $ 7.100,00 
;;KISS DOBLE;4; $ 60.800,00 
;;KISS SIMPLE;1; $ 12.200,00 
;;kiss triple;1; $ 18.500,00 
;;LADY GAGA;1; $ 9.900,00 
;;LEVITE 500ml;1; $ 2.100,00 
;;Levite de Manzana 1.5 lts;1; $ 2.800,00 
;;Levite de POMELO 1,5 L;2; $ 5.600,00 
;;Mala Fama Doble 220g;10; $ 164.000,00 
;;Mala Fama Simple 110g ;4; $ 53.600,00 
;;Mala Fama Triple 330g ;2; $ 39.400,00 
;;NUGGETS X12 + PAPAS + BBQ;4; $ 34.000,00 
;;Nugget's X6 ;; $ 50.400,00 
;;Papas con Cheddar;4; $ 81.100,00 
;;Papas Mercury;2; $ 23.000,00 
;;PAPAS QUEEN;7; $ 58.100,00 
;;Papas Queen ;; $ 69.000,00 
;;PATRICIO REY SIMPLE;1; $ 12.700,00 
;;PROMO 1 -- 4 X Classic simple;11; $ 281.600,00 
;;PROMO 2-- 2 x Charly doble ;11; $ 246.400,00 
;;Red Hot DOBLE;6; $ 90.600,00 
;;Red Hot Simple 110g ;2; $ 24.200,00 
;;RESIDENTE DOBLE;6; $ 98.400,00 
;;RESIDENTE SIMPLE;4; $ 53.600,00 
;;RIHANNA ;1; $ 9.900,00 
;;Rolling Stone Simple 110g ;1; $ 11.600,00 
;;SPRITE 500 ml ;1; $ 2.400,00 
;;Duko Simple;6; $ 74.400,00 
;;Duko Doble;16; $ 246.400,00 
;;Duko Triple 330g ;4; $ 74.800,00 
;;Beatle Triple ;2; $ 36.400,00 
;;Rolling Stone Triple;1; $ 17.900,00 
;;FANTA 500 ml;2; $ 4.800,00 
;;NIRVANA  ;2; $ 28.400,00 
;;NIRVANA 2;4; $ 57.200,00 
;;Porcion Extra de Papas Medianas;; $ 6.000,00 
;;John Lennon Mediana;7; $ 112.000,00 
;;John Lennon XL;2; $ 44.000,00 
;;Michael Jackson Mediana;2; $ 36.000,00 
;;Pink Floyd Mediana;2; $ 38.000,00 
;;Michael Jackson XL;1; $ 24.000,00 
;;Pink Floyd XL;4; $ 100.000,00 
;;Creedence XL;1; $ 27.000,00 
;;Empanada de Jamon y Queso;3; $ 7.500,00 
;;Elvis Presley XL;1; $ 34.000,00 
;;6 empanadas;2; $ 26.000,00 
;;12 empanadas;1; $ 25.000,00 
;;3 empanadas;1; $ 7.000,00 
24/1/2026;376640;2 tostados AMERICANOS;1; $ 9.000,00 
;;Alma Fuerte ;2; $ 25.400,00 
;;AMERICANO + levite;1; $ 6.400,00 
;;Aros de Cebolla 6 unid.;; $ 3.400,00 
;;Beatle Simple 110g ;1; $ 11.900,00 
;;Charly  Triple 330g;1; $ 17.400,00 
;;Charly Doble 220g ;3; $ 42.300,00 
;;Charly Simple 110g;1; $ 11.100,00 
;;Clasic Doble 220g;5; $ 67.500,00 
;;Clasic Triple 330g;1; $ 16.800,00 
;;Coca Cola 1.5 Lts;1; $ 4.300,00 
;;ENVIO;; $ 11.700,00 
;;Freestyle;1; $ 20.400,00 
;;HC doble;2; $ 32.800,00 
;;HIP HOP;1; $ 21.800,00 
;;KIDS ROCK  (Ricosaurio x 4+ papas );1; $ 7.100,00 
;;MADONNA veggie DOBLE;1; $ 14.500,00 
;;NUGGETS X12 + PAPAS + BBQ;2; $ 17.000,00 
;;Nugget's X6 ;; $ 2.800,00 
;;Papas con Cheddar;2; $ 16.400,00 
;;PROMO 1 -- 4 X Classic simple;1; $ 25.600,00 
;;RESIDENTE DOBLE;2; $ 32.800,00 
;;RIHANNA ;5; $ 49.500,00 
;;Sprite 1.5L;1; $ 4.300,00 
;;Duko Simple;2; $ 24.800,00 
;;FANTA 500 ml;2; $ 4.800,00 
;;Porcion Extra de Papas Medianas;; $ 2.000,00 
;376641;ACDC Doble;12; $ 186.000,00 
;;ACDC Simple ;4; $ 50.000,00 
;;Agua 500cc;1; $ 2.100,00 
;;Alma Fuerte ;2; $ 25.400,00 
;;Aros de Cebolla 6 unid.;; $ 17.000,00 
;;Beatle Doble 220g ;7; $ 104.300,00 
;;Beatle Simple 110g ;5; $ 59.500,00 
;;BIZZARAP session #2;1; $ 9.900,00 
;;cambio x dip cheddar;; $ 900,00 
;;Cerveza Andes IPA;1; $ 3.000,00 
;;Charly  Triple 330g;4; $ 69.600,00 
;;Charly Doble 220g ;16; $ 225.600,00 
;;Charly Simple 110g;5; $ 55.500,00 
;;CHOCOTORTA;4; $ 16.800,00 
;;Clasic Doble 220g;21; $ 283.500,00 
;;Clasic Simple 110g ;16; $ 168.000,00 
;;Clasic Triple 330g;2; $ 33.600,00 
;;COCA 500 ml;5; $ 12.000,00 
;;Coca Cola 1.5 Lts;8; $ 34.400,00 
;;Coca Cola Zero 1.5 Lts;2; $ 8.600,00 
;;dip de barbacoa;; $ 1.100,00 
;;dip de cheddar;; $ 16.200,00 
;;Eminem;3; $ 49.800,00 
;;ENVIO;; $ 111.800,00 
;;FERNET ;1; $ 7.000,00 
;;franui Chocolate con leche + chocolate blanco;3; $ 27.000,00 
;;Freestyle;4; $ 81.600,00 
;;Fried Onion Simple 110g ;1; $ 12.100,00 
;;GIN TONIC;1; $ 7.500,00 
;;Gorillaz Doble;4; $ 64.000,00 
;;HC doble;11; $ 180.400,00 
;;HC simple;4; $ 53.600,00 
;;HC TRIPLE;2; $ 39.400,00 
;;Heineken 464ml;2; $ 7.400,00 
;;HIP HOP;1; $ 21.800,00 
;;KISS DOBLE;4; $ 60.800,00 
;;LADY GAGA;2; $ 19.800,00 
;;LATA Coca-Cola 357cc;1; $ 2.500,00 
;;LATA SPRITE ;1; $ 2.500,00 
;;LATON HEINEKEN;4; $ 20.000,00 
;;Levite de Manzana 1.5 lts;2; $ 5.600,00 
;;Levite de POMELO 1,5 L;1; $ 2.800,00 
;;MADONNA veggie;2; $ 23.200,00 
;;Mala Fama Doble 220g;11; $ 180.400,00 
;;Mala Fama Simple 110g ;4; $ 53.600,00 
;;Mala Fama Triple 330g ;3; $ 59.100,00 
;;NUGGETS X12 + PAPAS + BBQ;4; $ 34.000,00 
;;Nugget's X6 ;; $ 50.400,00 
;;Papas con Cheddar;2; $ 39.500,00 
;;Papas Mercury;2; $ 23.000,00 
;;PAPAS QUEEN;1; $ 8.300,00 
;;Papas Queen ;; $ 45.000,00 
;;PROMO 1 -- 4 X Classic simple;7; $ 179.200,00 
;;PROMO 2-- 2 x Charly doble ;17; $ 380.800,00 
;;Red Hot DOBLE;2; $ 30.200,00 
;;Red Hot Simple 110g ;5; $ 60.500,00 
;;Red Hot Triple 330g ;1; $ 18.400,00 
;;RESIDENTE DOBLE;3; $ 49.200,00 
;;RESIDENTE SIMPLE;3; $ 40.200,00 
;;RIHANNA ;3; $ 29.700,00 
;;Rolling Stone Doble 220g;3; $ 43.800,00 
;;Rolling Stone Simple 110g ;2; $ 23.200,00 
;;Sprite 1.5L;2; $ 8.600,00 
;;SPRITE 500 ml ;2; $ 4.800,00 
;;techno Chicken;2; $ 20.200,00 
;;Duko Simple;5; $ 62.000,00 
;;Duko Doble;12; $ 184.800,00 
;;Duko Triple 330g ;2; $ 37.400,00 
;;Beatle Triple ;1; $ 18.200,00 
;;Porcion Extra de Papas Medianas;; $ 12.000,00 
;;John Lennon Mediana;8; $ 128.000,00 
;;John Lennon XL;2; $ 44.000,00 
;;Michael Jackson Mediana;2; $ 36.000,00 
;;Creedence XL;2; $ 54.000,00 
;;Empanada de Carne;1; $ 2.500,00 
;;Empanada de Jamon y Queso;6; $ 15.000,00 
;;6 empanadas;1; $ 13.000,00 
;;12 empanadas;2; $ 50.000,00 
;;3 empanadas;4; $ 28.000,00 
25/1/2026;377641;ACDC Doble;7; $ 108.500,00 
;;Agua 500cc;3; $ 6.300,00 
;;Aros de Cebolla 6 unid.;; $ 20.400,00 
;;AROS DE CEBOLLA X 12 + PAPAS + BBQ;2; $ 16.200,00 
;;BIZARRAP Session #1 ;3; $ 29.700,00 
;;cambio x dip cheddar;; $ 3.600,00 
;;Cerveza Andes IPA;1; $ 3.000,00 
;;Charly Doble 220g ;6; $ 84.600,00 
;;Charly Simple 110g;1; $ 11.100,00 
;;Clasic Doble 220g;19; $ 256.500,00 
;;Clasic Simple 110g ;27; $ 283.500,00 
;;Clasic Triple 330g;6; $ 100.800,00 
;;Coca Cola 1.5 Lts;9; $ 38.700,00 
;;Coca Cola Zero 1.5 Lts;1; $ 4.300,00 
;;dip de cheddar;; $ 8.100,00 
;;Eminem;2; $ 33.200,00 
;;ENVIO;; $ 101.400,00 
;;Freestyle;4; $ 81.600,00 
;;Fried Onion Doble 220g;3; $ 45.300,00 
;;Fried Onion Simple 110g ;1; $ 12.100,00 
;;Gorillaz Doble;1; $ 16.000,00 
;;Gorillaz simple ;2; $ 26.000,00 
;;Gorillaz Triple;2; $ 38.600,00 
;;HC doble;9; $ 147.600,00 
;;HC TRIPLE;2; $ 39.400,00 
;;HIP HOP;5; $ 109.000,00 
;;KIDS ROCK  (Ricosaurio x 4+ papas );1; $ 7.100,00 
;;KISS DOBLE;2; $ 30.400,00 
;;KISS SIMPLE;1; $ 12.200,00 
;;LADY GAGA;2; $ 19.800,00 
;;LATA Coca-Cola 357cc;1; $ 2.500,00 
;;LATA SPRITE ;1; $ 2.500,00 
;;LATON HEINEKEN;2; $ 10.000,00 
;;Mala Fama Doble 220g;11; $ 180.400,00 
;;Mala Fama Simple 110g ;5; $ 67.000,00 
;;Mala Fama Triple 330g ;2; $ 39.400,00 
;;NUGGETS X12 + PAPAS + BBQ;13; $ 110.500,00 
;;Nugget's X6 ;; $ 16.800,00 
;;Papas con Cheddar;2; $ 52.100,00 
;;Papas Mercury;1; $ 11.500,00 
;;PAPAS QUEEN;12; $ 99.600,00 
;;Papas Queen ;; $ 54.000,00 
;;PATRICIO REY DOBLE;3; $ 47.100,00 
;;PROMO 1 -- 4 X Classic simple;5; $ 128.000,00 
;;PROMO 2-- 2 x Charly doble ;14; $ 313.600,00 
;;Red Hot Simple 110g ;5; $ 60.500,00 
;;RESIDENTE DOBLE;3; $ 49.200,00 
;;RESIDENTE SIMPLE;1; $ 13.400,00 
;;Rolling Stone Doble 220g;1; $ 14.600,00 
;;Rolling Stone Simple 110g ;1; $ 11.600,00 
;;Sprite 1.5L;1; $ 4.300,00 
;;SPRITE 500 ml ;1; $ 2.400,00 
;;Duko Simple;9; $ 111.600,00 
;;Duko Doble;9; $ 138.600,00 
;;Duko Triple 330g ;2; $ 37.400,00 
;;FANTA 500 ml;1; $ 2.400,00 
;;Lata Schweppes Pomelo Zero;1; $ 2.400,00 
;;NIRVANA 2;3; $ 42.900,00 
;;Porcion Extra de Papas Medianas;; $ 2.000,00 
;;John Lennon XL;2; $ 44.000,00 
;;Michael Jackson Mediana;2; $ 36.000,00 
;;Pink Floyd Mediana;2; $ 38.000,00 
;;Pink Floyd XL;2; $ 50.000,00 
;;Creedence Mediana ;3; $ 63.000,00 
;;Empanada de Carne;14; $ 35.000,00 
;;Empanada de Pollo;2; $ 5.000,00 
;;Empanada de Jamon y Queso;4; $ 10.000,00 
;;12 empanadas;1; $ 25.000,00 
26/1/2026;378641;ACDC Doble;2; $ 31.000,00 
;;ACDC Simple ;1; $ 12.500,00 
;;ACDC Triple;1; $ 18.800,00 
;;Agua 500cc;1; $ 2.100,00 
;;Andes Rubia;2; $ 6.000,00 
;;Aros de Cebolla 6 unid.;; $ 6.800,00 
;;Beatle Doble 220g ;1; $ 14.900,00 
;;BIZARRAP Session #1 ;1; $ 9.900,00 
;;Cerveza Andes IPA;5; $ 15.000,00 
;;Cerveza Andes Roja;1; $ 3.000,00 
;;Charly Doble 220g ;3; $ 42.300,00 
;;Charly Simple 110g;2; $ 22.200,00 
;;Clasic Doble 220g;8; $ 108.000,00 
;;Clasic Simple 110g ;5; $ 52.500,00 
;;Clasic Triple 330g;2; $ 33.600,00 
;;Coca Cola 1.5 Lts;5; $ 21.500,00 
;;dip de barbacoa;; $ 1.100,00 
;;Eminem;1; $ 16.600,00 
;;ENVIO;; $ 49.400,00 
;;FERNET ;2; $ 14.000,00 
;;Freestyle;1; $ 20.400,00 
;;Gorillaz Doble;3; $ 48.000,00 
;;Gorillaz simple ;1; $ 13.000,00 
;;HC simple;2; $ 26.800,00 
;;HC TRIPLE;1; $ 19.700,00 
;;HIP HOP;2; $ 43.600,00 
;;KISS DOBLE;5; $ 76.000,00 
;;kiss triple;1; $ 18.500,00 
;;LADY GAGA;4; $ 39.600,00 
;;LATON HEINEKEN;2; $ 10.000,00 
;;LEVITE 500ml;1; $ 2.100,00 
;;Levite de Manzana 1.5 lts;1; $ 2.800,00 
;;Levite de POMELO 1,5 L;1; $ 2.800,00 
;;Mala Fama Doble 220g;3; $ 49.200,00 
;;Mala Fama Simple 110g ;1; $ 13.400,00 
;;Mala Fama Triple 330g ;3; $ 59.100,00 
;;NUGGETS X12 + PAPAS + BBQ;3; $ 25.500,00 
;;Nugget's X6 ;; $ 14.000,00 
;;Papas con Cheddar;1; $ 25.000,00 
;;Papas Queen ;; $ 9.000,00 
;;PATRICIO REY SIMPLE;2; $ 25.400,00 
;;PROMO 1 -- 4 X Classic simple;2; $ 51.200,00 
;;PROMO 2-- 2 x Charly doble ;3; $ 67.200,00 
;;Red Hot DOBLE;1; $ 15.100,00 
;;Red Hot Simple 110g ;1; $ 12.100,00 
;;RESIDENTE DOBLE;2; $ 32.800,00 
;;Rolling Stone Doble 220g;1; $ 14.600,00 
;;techno Chicken;1; $ 10.100,00 
;;Duko Simple;3; $ 37.200,00 
;;Duko Doble;3; $ 46.200,00 
;;Duko Triple 330g ;1; $ 18.700,00 
;;NIRVANA 2;1; $ 14.300,00 
;;Porcion Extra de Papas Medianas;; $ 2.000,00 
;;John Lennon Mediana;3; $ 48.000,00 
;;John Lennon XL;2; $ 44.000,00 
;;Michael Jackson Mediana;1; $ 18.000,00 
;;Pink Floyd XL;1; $ 25.000,00 
;;Creedence Mediana ;1; $ 21.000,00 
;;6 empanadas;2; $ 26.000,00 
;;12 empanadas;1; $ 25.000,00 
;;Freddie Mercury Mediana;1; $ 21.000,00 
27/1/2026;378642;AMERICANO + levite;1; $ 6.400,00 
;;Clasic Doble 220g;3; $ 40.500,00 
;;Clasic Simple 110g ;4; $ 42.000,00 
;;COCA 500 ml;1; $ 2.400,00 
;;Coca Cola 1.5 Lts;1; $ 4.300,00 
;;Coca Cola Zero 1.5 Lts;1; $ 4.300,00 
;;ENVIO;; $ 10.400,00 
;;FERNET ;3; $ 21.000,00 
;;Freestyle;1; $ 20.400,00 
;;GANCIA;2; $ 14.000,00 
;;KIDS ROCK  (Ricosaurio x 4+ papas );1; $ 7.100,00 
;;Mala Fama Doble 220g;1; $ 16.400,00 
;;Nugget's X6 ;; $ 2.800,00 
;;PROMO 2-- 2 x Charly doble ;2; $ 44.800,00 
;;RIHANNA ;2; $ 19.800,00 
;;Duko Doble;1; $ 15.400,00 
;;Duko Triple 330g ;1; $ 18.700,00 
;378643;ACDC Doble;1; $ 15.500,00 
;;ACDC Simple ;2; $ 25.000,00 
;;Agua 500cc;1; $ 2.100,00 
;;Alma Fuerte ;2; $ 25.400,00 
;;Andes Rubia;2; $ 6.000,00 
;;Beatle Doble 220g ;3; $ 44.700,00 
;;BIZARRAP Session #1 ;1; $ 9.900,00 
;;BIZZARAP session #2;1; $ 9.900,00 
;;cambio x dip cheddar;; $ 900,00 
;;Charly  Triple 330g;2; $ 34.800,00 
;;Charly Doble 220g ;4; $ 56.400,00 
;;CHOCOTORTA;1; $ 4.200,00 
;;Clasic Doble 220g;14; $ 189.000,00 
;;Clasic Simple 110g ;11; $ 115.500,00 
;;Clasic Triple 330g;2; $ 33.600,00 
;;COCA 500 ml;1; $ 2.400,00 
;;Coca Cola 1.5 Lts;5; $ 21.500,00 
;;dip de cheddar;; $ 13.500,00 
;;ENVIO;; $ 36.400,00 
;;Freestyle;1; $ 20.400,00 
;;Gorillaz Doble;2; $ 32.000,00 
;;HC doble;4; $ 65.600,00 
;;HC simple;2; $ 26.800,00 
;;Heineken 464ml;1; $ 3.700,00 
;;KIDS ROCK  (Ricosaurio x 4+ papas );1; $ 7.100,00 
;;KISS DOBLE;2; $ 30.400,00 
;;LEVITE 500ml;1; $ 2.100,00 
;;Mala Fama Doble 220g;5; $ 82.000,00 
;;Mala Fama Simple 110g ;4; $ 53.600,00 
;;Mala Fama Triple 330g ;3; $ 59.100,00 
;;NUGGETS X12 + PAPAS + BBQ;6; $ 51.000,00 
;;Nugget's X6 ;; $ 25.200,00 
;;Papas con Cheddar;3; $ 26.700,00 
;;Papas Queen ;; $ 18.000,00 
;;PROMO 1 -- 4 X Classic simple;2; $ 51.200,00 
;;PROMO 2-- 2 x Charly doble ;4; $ 89.600,00 
;;Red Hot Simple 110g ;2; $ 24.200,00 
;;Red Hot Triple 330g ;1; $ 18.400,00 
;;RESIDENTE DOBLE;2; $ 32.800,00 
;;Rolling Stone Doble 220g;1; $ 14.600,00 
;;Rolling Stone Simple 110g ;3; $ 34.800,00 
;;Sprite 1.5L;3; $ 12.900,00 
;;SPRITE 500 ml ;1; $ 2.400,00 
;;STELLA ARTOIS 464ml;1; $ 3.700,00 
;;techno Chicken;1; $ 10.100,00 
;;Duko Simple;8; $ 99.200,00 
;;Duko Doble;5; $ 77.000,00 
;;Duko Triple 330g ;1; $ 18.700,00 
;;NIRVANA  ;1; $ 14.200,00 
;;Porcion Extra de Papas Medianas;; $ 8.000,00 
28/1/2026;378644;2 tostados CLASSIC;1; $ 9.000,00 
;;ACDC Triple;1; $ 18.800,00 
;;Alma Fuerte ;1; $ 12.700,00 
;;Clasic Simple 110g ;2; $ 21.000,00 
;;Coca Cola 1.5 Lts;2; $ 8.600,00 
;;Coca Cola Zero 1.5 Lts;1; $ 4.300,00 
;;ENVIO;; $ 11.700,00 
;;Gorillaz Doble;3; $ 48.000,00 
;;MESA;;
;;Nugget's X6 ;; $ 2.800,00 
;;Papas con Cheddar;1; $ 8.200,00 
;;Papas Mercury;1; $ 11.500,00 
;;PAPAS QUEEN;1; $ 8.300,00 
;;PROMO 2-- 2 x Charly doble ;4; $ 89.600,00 
;;Red Hot DOBLE;2; $ 30.200,00 
;;RESIDENTE SIMPLE;2; $ 26.800,00 
;;RIHANNA ;4; $ 39.600,00 
;;Duko Doble;2; $ 30.800,00 
;378645;2 tostados CLASSIC;2; $ 18.000,00 
;;ACDC Doble;6; $ 93.000,00 
;;ACDC Simple ;5; $ 62.500,00 
;;ACDC Triple;1; $ 18.800,00 
;;Agua 500cc;1; $ 2.100,00 
;;Andes Rubia;1; $ 3.000,00 
;;Aros de Cebolla 6 unid.;; $ 10.200,00 
;;Beatle Doble 220g ;7; $ 104.300,00 
;;Beatle Simple 110g ;1; $ 11.900,00 
;;BIZZARAP session #2;1; $ 9.900,00 
;;Bob Marley Doble ;1; $ 14.300,00 
;;Charly Doble 220g ;3; $ 42.300,00 
;;Charly Simple 110g;1; $ 11.100,00 
;;CHOCOTORTA;1; $ 4.200,00 
;;Clasic Doble 220g;18; $ 243.000,00 
;;Clasic Simple 110g ;5; $ 52.500,00 
;;Clasic Triple 330g;3; $ 50.400,00 
;;COCA 500 ml;1; $ 2.400,00 
;;Coca Cola 1.5 Lts;10; $ 43.000,00 
;;Coca Cola Zero 1.5 Lts;2; $ 8.600,00 
;;dip de barbacoa;; $ 1.100,00 
;;dip de cheddar;; $ 5.400,00 
;;Eminem;1; $ 16.600,00 
;;ENVIO;; $ 72.800,00 
;;Freestyle;1; $ 20.400,00 
;;Fried Onion Doble 220g;2; $ 30.200,00 
;;Gorillaz Doble;4; $ 64.000,00 
;;HC doble;9; $ 147.600,00 
;;HIP HOP;1; $ 21.800,00 
;;KIDS ROCK  (Ricosaurio x 4+ papas );1; $ 7.100,00 
;;KISS DOBLE;1; $ 15.200,00 
;;LADY GAGA;4; $ 39.600,00 
;;LEVITE 500ml;1; $ 2.100,00 
;;Levite de POMELO 1,5 L;2; $ 5.600,00 
;;Mala Fama Doble 220g;6; $ 98.400,00 
;;Mala Fama Simple 110g ;2; $ 26.800,00 
;;MESA;;
;;NUGGETS X12 + PAPAS + BBQ;6; $ 51.000,00 
;;Nugget's X6 ;; $ 11.200,00 
;;Papas con Cheddar;; $ 12.600,00 
;;Papas Mercury;1; $ 11.500,00 
;;PAPAS QUEEN;6; $ 49.800,00 
;;Papas Queen ;; $ 12.000,00 
;;PROMO 1 -- 4 X Classic simple;5; $ 128.000,00 
;;PROMO 2-- 2 x Charly doble ;10; $ 224.000,00 
;;Red Hot DOBLE;5; $ 75.500,00 
;;Red Hot Simple 110g ;4; $ 48.400,00 
;;RESIDENTE DOBLE;3; $ 49.200,00 
;;RESIDENTE SIMPLE;1; $ 13.400,00 
;;RIHANNA ;2; $ 19.800,00 
;;Sprite 1.5L;1; $ 4.300,00 
;;STELLA ARTOIS 464ml;1; $ 3.700,00 
;;techno Chicken;2; $ 20.200,00 
;;Duko Simple;4; $ 49.600,00 
;;Duko Doble;6; $ 92.400,00 
;;Duko Triple 330g ;2; $ 37.400,00 
;;Beatle Triple ;1; $ 18.200,00 
;;NIRVANA 2;1; $ 14.300,00 
;;Porcion Extra de Papas Medianas;; $ 4.000,00 
;;John Lennon Mediana;1; $ 16.000,00 
;;John Lennon XL;2; $ 44.000,00 
;;Pink Floyd Mediana;1; $ 19.000,00 
;;Pink Floyd XL;4; $ 100.000,00 
;;Creedence XL;1; $ 27.000,00 
;;Empanada de Carne;4; $ 10.000,00 
;;Empanada de Pollo;5; $ 12.500,00 
;;Empanada de Jamon y Queso;5; $ 12.500,00 
;;Elvis Presley MEDIANA;1; $ 27.000,00 
;;Elvis Presley XL;1; $ 34.000,00 
;;6 empanadas;1; $ 13.000,00 
;;3 empanadas;1; $ 7.000,00 
;;Kiss XL;1; $ 24.000,00 
29/1/2026;378646;ACDC Doble;1; $ 15.500,00 
;;AMERICANO + levite;1; $ 6.400,00 
;;Beatle Doble 220g ;1; $ 14.900,00 
;;Clasic Doble 220g;6; $ 81.000,00 
;;Clasic Simple 110g ;1; $ 10.500,00 
;;COCA 500 ml;1; $ 2.400,00 
;;Coca Cola Zero 1.5 Lts;1; $ 4.300,00 
;;ENVIO;; $ 13.000,00 
;;LADY GAGA;1; $ 9.900,00 
;;LEVITE 500ml;1; $ 2.100,00 
;;Mala Fama Doble 220g;1; $ 16.400,00 
;;MESA;;
;;Nugget's X6 ;; $ 2.800,00 
;;Papas con Cheddar;1; $ 8.200,00 
;;PROMO 1 -- 4 X Classic simple;2; $ 51.200,00 
;;PROMO 2-- 2 x Charly doble ;2; $ 44.800,00 
;;RIHANNA ;2; $ 19.800,00 
;;NIRVANA  ;1; $ 14.200,00 
;378647;2 tostados CLASSIC;1; $ 9.000,00 
;;ACDC Doble;3; $ 46.500,00 
;;ACDC Simple ;4; $ 50.000,00 
;;Agua 500cc;2; $ 4.200,00 
;;Andes Rubia;1; $ 3.000,00 
;;Aros de Cebolla 6 unid.;; $ 6.800,00 
;;Beatle Doble 220g ;4; $ 59.600,00 
;;Beatle Simple 110g ;3; $ 35.700,00 
;;Bob Marley Doble ;1; $ 14.300,00 
;;cambio x dip cheddar;; $ 900,00 
;;Charly  Triple 330g;1; $ 17.400,00 
;;Charly Doble 220g ;1; $ 14.100,00 
;;Charly Simple 110g;1; $ 11.100,00 
;;Clasic Doble 220g;15; $ 202.500,00 
;;Clasic Simple 110g ;8; $ 84.000,00 
;;Clasic Triple 330g;3; $ 50.400,00 
;;Coca Cola 1.5 Lts;6; $ 25.800,00 
;;Coca Cola Zero 1.5 Lts;1; $ 4.300,00 
;;ENVIO;; $ 40.300,00 
;;HC doble;1; $ 16.400,00 
;;Heineken 464ml;1; $ 3.700,00 
;;KIDS ROCK  (Ricosaurio x 4+ papas );2; $ 14.200,00 
;;LADY GAGA;2; $ 19.800,00 
;;LATA Coca-Cola 357cc;1; $ 2.500,00 
;;LATON HEINEKEN;5; $ 25.000,00 
;;LEVITE 500ml;2; $ 4.200,00 
;;Levite de Manzana 1.5 lts;2; $ 5.600,00 
;;Levite de POMELO 1,5 L;1; $ 2.800,00 
;;Mala Fama Doble 220g;2; $ 32.800,00 
;;Mala Fama Simple 110g ;2; $ 26.800,00 
;;Mala Fama Triple 330g ;1; $ 19.700,00 
;;NUGGETS X12 + PAPAS + BBQ;2; $ 17.000,00 
;;Nugget's X6 ;; $ 8.400,00 
;;Papas con Cheddar;3; $ 30.900,00 
;;Papas Mercury;1; $ 11.500,00 
;;PAPAS QUEEN;2; $ 16.600,00 
;;Papas Queen ;; $ 18.000,00 
;;PATRICIO REY DOBLE;1; $ 15.700,00 
;;PATRICIO REY SIMPLE;1; $ 12.700,00 
;;PROMO 1 -- 4 X Classic simple;4; $ 102.400,00 
;;PROMO 2-- 2 x Charly doble ;6; $ 134.400,00 
;;Red Hot DOBLE;1; $ 15.100,00 
;;Red Hot Simple 110g ;2; $ 24.200,00 
;;RESIDENTE DOBLE;2; $ 32.800,00 
;;RIHANNA ;4; $ 39.600,00 
;;Rolling Stone Doble 220g;1; $ 14.600,00 
;;Sprite 1.5L;1; $ 4.300,00 
;;STELLA ARTOIS 464ml;2; $ 7.400,00 
;;Techno Chicken DOBLE ;1; $ 13.000,00 
;;Duko Simple;1; $ 12.400,00 
;;Duko Doble;3; $ 46.200,00 
;;Duko Triple 330g ;1; $ 18.700,00 
;;FANTA 500 ml;2; $ 4.800,00 
;;Porcion Extra de Papas Medianas;; $ 2.000,00 
;;John Lennon Mediana;1; $ 16.000,00 
;;John Lennon XL;5; $ 110.000,00 
;;Pink Floyd XL;1; $ 25.000,00 
;;Creedence XL;1; $ 27.000,00 
;;Empanada de Jamon y Queso;6; $ 15.000,00 
;;6 empanadas;3; $ 39.000,00 
;;3 empanadas;1; $ 7.000,00 
;;Freddie Mercury Mediana;1; $ 21.000,00 
30/1/2026;378648;Aros de Cebolla 6 unid.;; $ 6.800,00 
;;Beatle Doble 220g ;1; $ 14.900,00 
;;BIZARRAP Session #1 ;1; $ 9.900,00 
;;Charly Doble 220g ;1; $ 14.100,00 
;;Charly Simple 110g;2; $ 22.200,00 
;;Clasic Doble 220g;2; $ 27.000,00 
;;Clasic Simple 110g ;2; $ 21.000,00 
;;Coca Cola 1.5 Lts;1; $ 4.300,00 
;;Eminem;1; $ 16.600,00 
;;ENVIO;; $ 6.500,00 
;;FERNET ;3; $ 21.000,00 
;;Fried Onion Doble 220g;1; $ 15.100,00 
;;Gorillaz Doble;1; $ 16.000,00 
;;HIP HOP;1; $ 21.800,00 
;;Mala Fama Doble 220g;1; $ 16.400,00 
;;Mala Fama Triple 330g ;1; $ 19.700,00 
;;MESA;;
;;Papas con Cheddar;; $ 6.300,00 
;;Papas Queen ;; $ 6.000,00 
;;PROMO 2-- 2 x Charly doble ;2; $ 44.800,00 
;;Red Hot DOBLE;1; $ 15.100,00 
;;Red Hot Simple 110g ;1; $ 12.100,00 
;;NIRVANA  ;1; $ 14.200,00 
;378649;2 tostados AMERICANOS;1; $ 9.000,00 
;;ACDC Doble;6; $ 93.000,00 
;;Agua 500cc;3; $ 6.300,00 
;;Alma Fuerte ;6; $ 76.200,00 
;;Andes Rubia;1; $ 3.000,00 
;;Aros de Cebolla 6 unid.;; $ 27.200,00 
;;AROS DE CEBOLLA X 12 + PAPAS + BBQ;1; $ 8.100,00 
;;Beatle Doble 220g ;6; $ 89.400,00 
;;Beatle Simple 110g ;3; $ 35.700,00 
;;BIZARRAP Session #1 ;2; $ 19.800,00 
;;Bob Marley Doble ;1; $ 14.300,00 
;;Bob marley Simple;1; $ 11.300,00 
;;cambio x dip cheddar;; $ 900,00 
;;Charly  Triple 330g;2; $ 34.800,00 
;;Charly Doble 220g ;8; $ 112.800,00 
;;Charly Simple 110g;5; $ 55.500,00 
;;CHOCOTORTA;2; $ 8.400,00 
;;Clasic Doble 220g;28; $ 378.000,00 
;;Clasic Simple 110g ;19; $ 199.500,00 
;;Clasic Triple 330g;6; $ 100.800,00 
;;COCA 500 ml;2; $ 4.800,00 
;;Coca Cola 1.5 Lts;14; $ 60.200,00 
;;Coca Cola Zero 1.5 Lts;3; $ 12.900,00 
;;dip de cheddar;; $ 21.600,00 
;;Eminem;2; $ 33.200,00 
;;ENVIO;; $ 130.000,00 
;;franui Chocolate con leche + chocolate blanco;2; $ 18.000,00 
;;Freestyle;6; $ 122.400,00 
;;Fried Onion Doble 220g;1; $ 15.100,00 
;;Gorillaz Doble;1; $ 16.000,00 
;;Gorillaz simple ;1; $ 13.000,00 
;;Gorillaz Triple;1; $ 19.300,00 
;;HC doble;6; $ 98.400,00 
;;HC TRIPLE;1; $ 19.700,00 
;;Heineken 464ml;1; $ 3.700,00 
;;HIP HOP;1; $ 21.800,00 
;;KISS DOBLE;3; $ 45.600,00 
;;KISS SIMPLE;1; $ 12.200,00 
;;kiss triple;2; $ 37.000,00 
;;LATA Coca-Cola zero;1; $ 2.500,00 
;;LATON HEINEKEN;2; $ 10.000,00 
;;Levite de Manzana 1.5 lts;1; $ 2.800,00 
;;Levite de POMELO 1,5 L;3; $ 8.400,00 
;;MADONNA veggie;2; $ 23.200,00 
;;Mala Fama Doble 220g;5; $ 82.000,00 
;;Mala Fama Simple 110g ;6; $ 80.400,00 
;;Mala Fama Triple 330g ;4; $ 78.800,00 
;;NUGGETS X12 + PAPAS + BBQ;9; $ 76.500,00 
;;Nugget's X6 ;; $ 36.400,00 
;;Papas con Cheddar;5; $ 87.200,00 
;;Papas Mercury;1; $ 11.500,00 
;;PAPAS QUEEN;7; $ 58.100,00 
;;Papas Queen ;; $ 63.000,00 
;;PATRICIO REY DOBLE;1; $ 15.700,00 
;;PATRICIO REY SIMPLE;1; $ 12.700,00 
;;PROMO 1 -- 4 X Classic simple;10; $ 256.000,00 
;;PROMO 2-- 2 x Charly doble ;10; $ 224.000,00 
;;Red Hot DOBLE;3; $ 45.300,00 
;;Red Hot Simple 110g ;5; $ 60.500,00 
;;RESIDENTE DOBLE;6; $ 98.400,00 
;;RESIDENTE SIMPLE;8; $ 107.200,00 
;;RIHANNA ;8; $ 79.200,00 
;;Rolling Stone Doble 220g;4; $ 58.400,00 
;;Sprite 1.5L;4; $ 17.200,00 
;;STELLA ARTOIS 464ml;2; $ 7.400,00 
;;techno Chicken;2; $ 20.200,00 
;;Duko Simple;7; $ 86.800,00 
;;Duko Doble;24; $ 369.600,00 
;;Duko Triple 330g ;5; $ 93.500,00 
;;Beatle Triple ;1; $ 18.200,00 
;;Rolling Stone Triple;1; $ 17.900,00 
;;FANTA 500 ml;1; $ 2.400,00 
;;Porcion de Faina;; $ 3.000,00 
;;NIRVANA  ;1; $ 14.200,00 
;;NIRVANA 2;1; $ 14.300,00 
;;Porcion Extra de Papas Medianas;; $ 20.000,00 
;;John Lennon Mediana;3; $ 48.000,00 
;;John Lennon XL;1; $ 22.000,00 
;;Pink Floyd Mediana;2; $ 38.000,00 
;;Michael Jackson XL;1; $ 24.000,00 
;;Pink Floyd XL;3; $ 75.000,00 
;;Creedence XL;3; $ 81.000,00 
;;Empanada de Carne;1; $ 2.500,00 
;;Empanada de Jamon y Queso;2; $ 5.000,00 
;;6 empanadas;2; $ 26.000,00 
;;3 empanadas;1; $ 7.000,00 
;;Freddie Mercury XL;1; $ 21.000,00 
31/1/2026;379649;2 tostados AMERICANOS;1; $ 9.000,00 
;;2 tostados CLASSIC;1; $ 9.000,00 
;;ACDC Triple;1; $ 18.800,00 
;;Andes Rubia;1; $ 3.000,00 
;;AROS DE CEBOLLA X 12 + PAPAS + BBQ;1; $ 8.100,00 
;;Beatle Simple 110g ;1; $ 11.900,00 
;;BIZARRAP Session #1 ;2; $ 19.800,00 
;;Charly Doble 220g ;1; $ 14.100,00 
;;CHOCOTORTA;1; $ 4.200,00 
;;Clasic Doble 220g;6; $ 81.000,00 
;;Clasic Simple 110g ;1; $ 10.500,00 
;;CLASICO + levite;1; $ 6.400,00 
;;ENVIO;; $ 13.000,00 
;;KIDS ROCK  (Ricosaurio x 4+ papas );3; $ 21.300,00 
;;LEVITE 500ml;1; $ 2.100,00 
;;Mala Fama Simple 110g ;1; $ 13.400,00 
;;Mala Fama Triple 330g ;1; $ 19.700,00 
;;Papas con Cheddar;; $ 2.100,00 
;;Papas Queen ;; $ 9.000,00 
;;Red Hot Simple 110g ;1; $ 12.100,00 
;;Red Hot Triple 330g ;1; $ 18.400,00 
;;Porcion Extra de Papas Medianas;; $ 8.000,00 
;379650;2 tostados AMERICANOS;1; $ 9.000,00 
;;ACDC Doble;6; $ 93.000,00 
;;ACDC Simple ;4; $ 50.000,00 
;;ACDC Triple;1; $ 18.800,00 
;;Agua 500cc;2; $ 4.200,00 
;;Alma Fuerte ;2; $ 25.400,00 
;;Andes Rubia;1; $ 3.000,00 
;;Aros de Cebolla 6 unid.;; $ 27.200,00 
;;AROS DE CEBOLLA X 12 + PAPAS + BBQ;2; $ 16.200,00 
;;Beatle Doble 220g ;6; $ 89.400,00 
;;Beatle Simple 110g ;4; $ 47.600,00 
;;BIZZARAP session #2;4; $ 39.600,00 
;;Bob Marley Doble ;1; $ 14.300,00 
;;Bob marley Simple;2; $ 22.600,00 
;;cambio x dip cheddar;; $ 4.500,00 
;;Charly  Triple 330g;1; $ 17.400,00 
;;Charly Doble 220g ;4; $ 56.400,00 
;;Charly Simple 110g;3; $ 33.300,00 
;;CHOCOTORTA;2; $ 8.400,00 
;;Clasic Doble 220g;25; $ 337.500,00 
;;Clasic Simple 110g ;16; $ 168.000,00 
;;Clasic Triple 330g;5; $ 84.000,00 
;;COCA 500 ml;1; $ 2.400,00 
;;Coca Cola 1.5 Lts;11; $ 47.300,00 
;;Coca Cola Zero 1.5 Lts;1; $ 4.300,00 
;;dip de barbacoa;; $ 3.300,00 
;;dip de cheddar;; $ 8.100,00 
;;Eminem;1; $ 16.600,00 
;;ENVIO;; $ 100.100,00 
;;franui Chocolate con leche + chocolate blanco;1; $ 9.000,00 
;;Freestyle;9; $ 183.600,00 
;;Fried Onion Doble 220g;4; $ 60.400,00 
;;Gorillaz Doble;3; $ 48.000,00 
;;Gorillaz simple ;2; $ 26.000,00 
;;Gorillaz Triple;2; $ 38.600,00 
;;HC doble;3; $ 49.200,00 
;;HC simple;2; $ 26.800,00 
;;HC TRIPLE;3; $ 59.100,00 
;;Heineken 464ml;1; $ 3.700,00 
;;HIP HOP;4; $ 87.200,00 
;;KIDS ROCK  (Ricosaurio x 4+ papas );2; $ 14.200,00 
;;KISS SIMPLE;2; $ 24.400,00 
;;LADY GAGA;1; $ 9.900,00 
;;LATON HEINEKEN;2; $ 10.000,00 
;;LEVITE 500ml;1; $ 2.100,00 
;;Levite de POMELO 1,5 L;2; $ 5.600,00 
;;MADONNA veggie;1; $ 11.600,00 
;;MADONNA veggie DOBLE;1; $ 14.500,00 
;;Mala Fama Doble 220g;6; $ 98.400,00 
;;Mala Fama Simple 110g ;6; $ 80.400,00 
;;Mala Fama Triple 330g ;2; $ 39.400,00 
;;NUGGETS X12 + PAPAS + BBQ;11; $ 93.500,00 
;;Nugget's X6 ;; $ 42.000,00 
;;Papas con Cheddar;3; $ 47.700,00 
;;PAPAS QUEEN;5; $ 41.500,00 
;;Papas Queen ;; $ 54.000,00 
;;PATRICIO REY DOBLE;1; $ 15.700,00 
;;PATRICIO REY SIMPLE;2; $ 25.400,00 
;;PROMO 1 -- 4 X Classic simple;13; $ 332.800,00 
;;PROMO 2-- 2 x Charly doble ;11; $ 246.400,00 
;;Red Hot DOBLE;3; $ 45.300,00 
;;Red Hot Simple 110g ;6; $ 72.600,00 
;;RESIDENTE DOBLE;9; $ 147.600,00 
;;RESIDENTE SIMPLE;2; $ 26.800,00 
;;Sprite 1.5L;4; $ 17.200,00 
;;SPRITE 500 ml ;2; $ 4.800,00 
;;STELLA ARTOIS 464ml;2; $ 7.400,00 
;;Techno Chicken DOBLE ;1; $ 13.000,00 
;;Duko Simple;8; $ 99.200,00 
;;Duko Doble;7; $ 107.800,00 
;;Duko Triple 330g ;5; $ 93.500,00 
;;Beatle Triple ;1; $ 18.200,00 
;;NIRVANA 2;1; $ 14.300,00 
;;Porcion Extra de Papas Medianas;; $ 12.000,00 
;;John Lennon Mediana;1; $ 16.000,00 
;;John Lennon XL;6; $ 132.000,00 
;;Pink Floyd Mediana;1; $ 19.000,00 
;;Pink Floyd XL;4; $ 100.000,00 
;;Creedence Mediana ;1; $ 21.000,00 
;;Empanada de Carne;1; $ 2.500,00 
;;Elvis Presley MEDIANA;3; $ 81.000,00 
;;Elvis Presley XL;2; $ 68.000,00 
;;6 empanadas;2; $ 26.000,00 
;;3 empanadas;1; $ 7.000,00 
;;EXTRA CHEDDAR ;; $ 4.500,00 
1/2/2026;380650;2 tostados CLASSIC;1; $ 9.000,00 
;;ACDC Doble;5; $ 77.500,00 
;;ACDC Simple ;3; $ 37.500,00 
;;ACDC Triple;1; $ 18.800,00 
;;Agua 500cc;2; $ 4.200,00 
;;Alma Fuerte ;5; $ 63.500,00 
;;Andes Rubia;4; $ 12.000,00 
;;Aros de Cebolla 6 unid.;; $ 27.200,00 
;;AROS DE CEBOLLA X 12 + PAPAS + BBQ;1; $ 8.100,00 
;;Beatle Doble 220g ;7; $ 104.300,00 
;;Beatle Simple 110g ;2; $ 23.800,00 
;;BIZARRAP Session #1 ;1; $ 9.900,00 
;;Bob Marley Doble ;2; $ 28.600,00 
;;cambio x dip cheddar;; $ 900,00 
;;Charly  Triple 330g;3; $ 52.200,00 
;;Charly Doble 220g ;7; $ 98.700,00 
;;Charly Simple 110g;4; $ 44.400,00 
;;Clasic Doble 220g;27; $ 364.500,00 
;;Clasic Simple 110g ;16; $ 168.000,00 
;;Clasic Triple 330g;8; $ 134.400,00 
;;Coca Cola 1.5 Lts;8; $ 34.400,00 
;;Coca Cola Zero 1.5 Lts;7; $ 30.100,00 
;;dip de barbacoa;; $ 1.100,00 
;;dip de cheddar;; $ 18.900,00 
;;Eminem;5; $ 83.000,00 
;;ENVIO;; $ 119.600,00 
;;franui Chocolate semiamargo + chocolate blanco;2; $ 18.000,00 
;;Freestyle;6; $ 122.400,00 
;;Fried Onion Doble 220g;4; $ 60.400,00 
;;Fried Onion Simple 110g ;1; $ 12.100,00 
;;Gorillaz Doble;2; $ 32.000,00 
;;Gorillaz simple ;2; $ 26.000,00 
;;HC doble;10; $ 164.000,00 
;;HC simple;1; $ 13.400,00 
;;Heineken 464ml;1; $ 3.700,00 
;;HIP HOP;1; $ 21.800,00 
;;KISS DOBLE;2; $ 30.400,00 
;;KISS SIMPLE;1; $ 12.200,00 
;;LADY GAGA;3; $ 29.700,00 
;;LATA Coca-Cola 357cc;1; $ 2.500,00 
;;LATON HEINEKEN;3; $ 15.000,00 
;;Levite de POMELO 1,5 L;2; $ 5.600,00 
;;MADONNA veggie DOBLE;1; $ 14.500,00 
;;Mala Fama Doble 220g;16; $ 262.400,00 
;;Mala Fama Simple 110g ;9; $ 120.600,00 
;;Mala Fama Triple 330g ;2; $ 39.400,00 
;;MESA;;
;;NUGGETS X12 + PAPAS + BBQ;5; $ 42.500,00 
;;Nugget's X6 ;; $ 50.400,00 
;;Papas con Cheddar;1; $ 52.300,00 
;;PAPAS QUEEN;3; $ 24.900,00 
;;Papas Queen ;; $ 78.000,00 
;;PATRICIO REY SIMPLE;1; $ 12.700,00 
;;PROMO 1 -- 4 X Classic simple;11; $ 281.600,00 
;;PROMO 2-- 2 x Charly doble ;13; $ 291.200,00 
;;Red Hot DOBLE;7; $ 105.700,00 
;;Red Hot Simple 110g ;4; $ 48.400,00 
;;Red Hot Triple 330g ;1; $ 18.400,00 
;;RESIDENTE DOBLE;13; $ 213.200,00 
;;Rolling Stone Doble 220g;5; $ 73.000,00 
;;Rolling Stone Simple 110g ;2; $ 23.200,00 
;;Sprite 1.5L;2; $ 8.600,00 
;;techno Chicken;1; $ 10.100,00 
;;Duko Simple;4; $ 49.600,00 
;;Duko Doble;15; $ 231.000,00 
;;Duko Triple 330g ;2; $ 37.400,00 
;;Beatle Triple ;1; $ 18.200,00 
;;Porcion de Faina;; $ 3.000,00 
;;NIRVANA  ;1; $ 14.200,00 
;;Lata Schweppes Pomelo Zero;3; $ 7.200,00 
;;NIRVANA 2;2; $ 28.600,00 
;;Porcion Extra de Papas Medianas;; $ 12.000,00 
;;John Lennon Mediana;1; $ 16.000,00 
;;John Lennon XL;1; $ 22.000,00 
;;Michael Jackson Mediana;2; $ 36.000,00 
;;Pink Floyd Mediana;1; $ 19.000,00 
;;Michael Jackson XL;1; $ 24.000,00 
;;Pink Floyd XL;1; $ 25.000,00 
;;Creedence Mediana ;1; $ 21.000,00 
;;Empanada de Carne;4; $ 10.000,00 
;;Empanada de Jamon y Queso;1; $ 2.500,00 
;;6 empanadas;4; $ 52.000,00 
;;3 empanadas;3; $ 21.000,00 
;;EXTRA CHEDDAR ;; $ 3.000,00 
2/2/2026;381650;ACDC Doble;5; $ 77.500,00 
;;ACDC Simple ;3; $ 37.500,00 
;;Agua 500cc;1; $ 2.100,00 
;;Andes Rubia;8; $ 24.000,00 
;;Aros de Cebolla 6 unid.;; $ 6.800,00 
;;Beatle Doble 220g ;2; $ 29.800,00 
;;BIZZARAP session #2;1; $ 9.900,00 
;;Bob Marley Doble ;1; $ 14.300,00 
;;Cerveza Andes IPA;1; $ 3.000,00 
;;Charly Doble 220g ;2; $ 28.200,00 
;;Charly Simple 110g;1; $ 11.100,00 
;;Clasic Doble 220g;12; $ 162.000,00 
;;Clasic Simple 110g ;8; $ 84.000,00 
;;Clasic Triple 330g;4; $ 67.200,00 
;;Coca Cola 1.5 Lts;8; $ 34.400,00 
;;dip de cheddar;; $ 2.700,00 
;;Eminem;3; $ 49.800,00 
;;ENVIO;; $ 57.200,00 
;;franui Chocolate con leche + chocolate blanco;1; $ 9.000,00 
;;franui Chocolate semiamargo + chocolate blanco;1; $ 9.000,00 
;;HC doble;4; $ 65.600,00 
;;HC simple;1; $ 13.400,00 
;;Heineken 464ml;1; $ 3.700,00 
;;KISS DOBLE;3; $ 45.600,00 
;;LATON HEINEKEN;3; $ 15.000,00 
;;Levite de Manzana 1.5 lts;2; $ 5.600,00 
;;MADONNA veggie DOBLE;2; $ 29.000,00 
;;Mala Fama Doble 220g;6; $ 98.400,00 
;;Mala Fama Simple 110g ;3; $ 40.200,00 
;;MESA;;
;;NUGGETS X12 + PAPAS + BBQ;5; $ 42.500,00 
;;Nugget's X6 ;; $ 16.800,00 
;;Papas con Cheddar;2; $ 33.200,00 
;;Papas Queen ;; $ 12.000,00 
;;PATRICIO REY DOBLE;1; $ 15.700,00 
;;PATRICIO REY SIMPLE;1; $ 12.700,00 
;;PROMO 1 -- 4 X Classic simple;10; $ 256.000,00 
;;PROMO 2-- 2 x Charly doble ;6; $ 134.400,00 
;;Red Hot Simple 110g ;1; $ 12.100,00 
;;RESIDENTE DOBLE;4; $ 65.600,00 
;;RIHANNA ;4; $ 39.600,00 
;;Rolling Stone Doble 220g;1; $ 14.600,00 
;;Sprite 1.5L;1; $ 4.300,00 
;;SPRITE 500 ml ;4; $ 9.600,00 
;;STELLA ARTOIS 464ml;2; $ 7.400,00 
;;techno Chicken;1; $ 10.100,00 
;;Techno Chicken DOBLE ;1; $ 13.000,00 
;;Duko Simple;5; $ 62.000,00 
;;Duko Doble;4; $ 61.600,00 
;;Duko Triple 330g ;3; $ 56.100,00 
;;Porcion Extra de Papas Medianas;; $ 2.000,00 
;;John Lennon Mediana;3; $ 48.000,00 
;;John Lennon XL;2; $ 44.000,00 
;;Michael Jackson XL;2; $ 48.000,00 
;;Pink Floyd XL;2; $ 50.000,00 
;;Empanada de Carne;2; $ 5.000,00 
;;6 empanadas;3; $ 39.000,00 
;;3 empanadas;2; $ 14.000,00 
;;EXTRA CHEDDAR ;; $ 1.500,00 
3/2/2026;382650;ACDC Doble;2; $ 31.000,00 
;;Beatle Doble 220g ;1; $ 14.900,00 
;;Beatle Simple 110g ;1; $ 11.900,00 
;;Bob marley Simple;1; $ 11.300,00 
;;cambio x dip cheddar;; $ 900,00 
;;Charly Simple 110g;1; $ 11.100,00 
;;CHOCOTORTA;1; $ 4.200,00 
;;Clasic Doble 220g;3; $ 40.500,00 
;;Clasic Simple 110g ;3; $ 31.500,00 
;;Coca Cola 1.5 Lts;1; $ 4.300,00 
;;Coca Cola Zero 1.5 Lts;1; $ 4.300,00 
;;ENVIO;; $ 13.000,00 
;;FERNET ;2; $ 14.000,00 
;;Freestyle;1; $ 20.400,00 
;;Gorillaz Doble;1; $ 16.000,00 
;;HC doble;4; $ 65.600,00 
;;LADY GAGA;1; $ 9.900,00 
;;Levite de POMELO 1,5 L;1; $ 2.800,00 
;;MESA;;
;;NUGGETS X12 + PAPAS + BBQ;1; $ 8.500,00 
;;Papas con Cheddar;2; $ 18.500,00 
;;PROMO 1 -- 4 X Classic simple;3; $ 76.800,00 
;;Duko Simple;1; $ 12.400,00 
;;Duko Doble;1; $ 15.400,00 
;;Duko Triple 330g ;1; $ 18.700,00 
;;Porcion Extra de Papas Medianas;; $ 2.000,00 
;382651;ACDC Doble;1; $ 15.500,00 
;;Andes Rubia;2; $ 6.000,00 
;;Aros de Cebolla 6 unid.;; $ 13.600,00 
;;Beatle Doble 220g ;6; $ 89.400,00 
;;BIZARRAP Session #1 ;1; $ 9.900,00 
;;BIZZARAP session #2;1; $ 9.900,00 
;;cambio x dip cheddar;; $ 900,00 
;;Cerveza Andes IPA;5; $ 15.000,00 
;;Charly  Triple 330g;1; $ 17.400,00 
;;Charly Doble 220g ;1; $ 14.100,00 
;;CHOCOTORTA;1; $ 4.200,00 
;;Clasic Doble 220g;11; $ 148.500,00 
;;Clasic Simple 110g ;9; $ 94.500,00 
;;Clasic Triple 330g;4; $ 67.200,00 
;;COCA 500 ml;2; $ 4.800,00 
;;Coca Cola 1.5 Lts;6; $ 25.800,00 
;;Coca Cola Zero 1.5 Lts;1; $ 4.300,00 
;;dip de cheddar;; $ 5.400,00 
;;ENVIO;; $ 50.700,00 
;;franui Chocolate semiamargo + chocolate blanco;2; $ 18.000,00 
;;Freestyle;3; $ 61.200,00 
;;Gorillaz Doble;2; $ 32.000,00 
;;HC doble;4; $ 65.600,00 
;;Heineken 464ml;1; $ 3.700,00 
;;KIDS ROCK  (Ricosaurio x 4+ papas );1; $ 7.100,00 
;;KISS DOBLE;3; $ 45.600,00 
;;kiss triple;1; $ 18.500,00 
;;LATON HEINEKEN;2; $ 10.000,00 
;;LEVITE 500ml;1; $ 2.100,00 
;;Levite de POMELO 1,5 L;1; $ 2.800,00 
;;MADONNA veggie DOBLE;1; $ 14.500,00 
;;Mala Fama Doble 220g;1; $ 16.400,00 
;;Mala Fama Simple 110g ;3; $ 40.200,00 
;;Mala Fama Triple 330g ;4; $ 78.800,00 
;;NUGGETS X12 + PAPAS + BBQ;3; $ 25.500,00 
;;Nugget's X6 ;; $ 25.200,00 
;;Papas con Cheddar;1; $ 29.200,00 
;;PAPAS QUEEN;2; $ 16.600,00 
;;Papas Queen ;; $ 18.000,00 
;;PATRICIO REY DOBLE;1; $ 15.700,00 
;;PROMO 1 -- 4 X Classic simple;6; $ 153.600,00 
;;PROMO 2-- 2 x Charly doble ;7; $ 156.800,00 
;;Red Hot Simple 110g ;2; $ 24.200,00 
;;RESIDENTE DOBLE;3; $ 49.200,00 
;;RESIDENTE SIMPLE;2; $ 26.800,00 
;;RIHANNA ;1; $ 9.900,00 
;;Sprite 1.5L;1; $ 4.300,00 
;;STELLA ARTOIS 464ml;2; $ 7.400,00 
;;techno Chicken;2; $ 20.200,00 
;;Duko Simple;5; $ 62.000,00 
;;Duko Doble;4; $ 61.600,00 
;;Duko Triple 330g ;1; $ 18.700,00 
;;FANTA 500 ml;1; $ 2.400,00 
;;NIRVANA  ;3; $ 42.600,00 
;;NIRVANA 2;1; $ 14.300,00 
;;Porcion Extra de Papas Medianas;; $ 4.000,00 
4/2/2026;382652;ACDC Doble;1; $ 15.500,00 
;;ACDC Simple ;1; $ 12.500,00 
;;Agua 500cc;1; $ 2.100,00 
;;cambio x dip cheddar;; $ 1.800,00 
;;Charly Doble 220g ;2; $ 28.200,00 
;;Charly Simple 110g;1; $ 11.100,00 
;;Clasic Doble 220g;2; $ 27.000,00 
;;Clasic Simple 110g ;1; $ 10.500,00 
;;CLASICO + levite;1; $ 6.400,00 
;;ENVIO;; $ 13.000,00 
;;franui Chocolate con leche + chocolate blanco;1; $ 9.000,00 
;;Gorillaz simple ;1; $ 13.000,00 
;;LADY GAGA;1; $ 9.900,00 
;;MADONNA veggie DOBLE;1; $ 14.500,00 
;;Mala Fama Doble 220g;1; $ 16.400,00 
;;MESA;;
;;NUGGETS X12 + PAPAS + BBQ;3; $ 25.500,00 
;;PAPAS QUEEN;2; $ 16.600,00 
;;PROMO 1 -- 4 X Classic simple;1; $ 25.600,00 
;;PROMO 2-- 2 x Charly doble ;2; $ 44.800,00 
;;RESIDENTE SIMPLE;3; $ 40.200,00 
;;SPRITE 500 ml ;1; $ 2.400,00 
;;Duko Doble;1; $ 15.400,00 
;;NIRVANA  ;1; $ 14.200,00 
;;NIRVANA 2;1; $ 14.300,00 
;383652;ACDC Doble;1; $ 15.500,00 
;;ACDC Triple;1; $ 18.800,00 
;;Agua 500cc;2; $ 4.200,00 
;;Andes Rubia;1; $ 3.000,00 
;;Aros de Cebolla 6 unid.;; $ 10.200,00 
;;Beatle Doble 220g ;7; $ 104.300,00 
;;BIZARRAP Session #1 ;2; $ 19.800,00 
;;Bob Marley Doble ;1; $ 14.300,00 
;;Cerveza Andes IPA;1; $ 3.000,00 
;;Cerveza Andes Roja;1; $ 3.000,00 
;;Charly  Triple 330g;1; $ 17.400,00 
;;Charly Doble 220g ;1; $ 14.100,00 
;;Charly Simple 110g;1; $ 11.100,00 
;;Clasic Doble 220g;10; $ 135.000,00 
;;Clasic Simple 110g ;10; $ 105.000,00 
;;Clasic Triple 330g;5; $ 84.000,00 
;;COCA 500 ml;4; $ 9.600,00 
;;Coca Cola 1.5 Lts;6; $ 25.800,00 
;;dip de barbacoa;; $ 1.100,00 
;;dip de cheddar;; $ 16.200,00 
;;ENVIO;; $ 62.400,00 
;;franui Chocolate con leche + chocolate blanco;1; $ 9.000,00 
;;franui Chocolate semiamargo + chocolate blanco;3; $ 27.000,00 
;;Fried Onion Simple 110g ;1; $ 12.100,00 
;;Gorillaz Doble;1; $ 16.000,00 
;;HC doble;4; $ 65.600,00 
;;HC simple;3; $ 40.200,00 
;;HC TRIPLE;5; $ 98.500,00 
;;Heineken 464ml;2; $ 7.400,00 
;;LADY GAGA;1; $ 9.900,00 
;;Levite de Manzana 1.5 lts;1; $ 2.800,00 
;;Levite de POMELO 1,5 L;1; $ 2.800,00 
;;Mala Fama Doble 220g;3; $ 49.200,00 
;;Mala Fama Simple 110g ;6; $ 80.400,00 
;;Mala Fama Triple 330g ;1; $ 19.700,00 
;;MESA;;
;;NUGGETS X12 + PAPAS + BBQ;2; $ 17.000,00 
;;Nugget's X6 ;; $ 42.000,00 
;;Papas con Cheddar;2; $ 24.800,00 
;;PAPAS QUEEN;2; $ 16.600,00 
;;Papas Queen ;; $ 33.000,00 
;;PATRICIO REY DOBLE;1; $ 15.700,00 
;;PATRICIO REY SIMPLE;2; $ 25.400,00 
;;PROMO 1 -- 4 X Classic simple;5; $ 128.000,00 
;;PROMO 2-- 2 x Charly doble ;9; $ 201.600,00 
;;Red Hot DOBLE;2; $ 30.200,00 
;;RESIDENTE DOBLE;6; $ 98.400,00 
;;RESIDENTE SIMPLE;2; $ 26.800,00 
;;RIHANNA ;4; $ 39.600,00 
;;Rolling Stone Doble 220g;2; $ 29.200,00 
;;Sprite 1.5L;2; $ 8.600,00 
;;STELLA ARTOIS 464ml;1; $ 3.700,00 
;;Techno Chicken DOBLE ;1; $ 13.000,00 
;;Duko Simple;2; $ 24.800,00 
;;Duko Doble;11; $ 169.400,00 
;;Duko Triple 330g ;3; $ 56.100,00 
;;FANTA 500 ml;1; $ 2.400,00 
;;NIRVANA  ;1; $ 14.200,00 
;;Porcion Extra de Papas Medianas;; $ 4.000,00 
;;John Lennon XL;2; $ 44.000,00 
;;Michael Jackson Mediana;1; $ 18.000,00 
;;Michael Jackson XL;1; $ 24.000,00 
;;Pink Floyd XL;1; $ 25.000,00 
;;Creedence Mediana ;1; $ 21.000,00 
;;Empanada de Carne;1; $ 2.500,00 
;;6 empanadas;1; $ 13.000,00 
5/2/2026;383653;2 tostados AMERICANOS;2; $ 18.000,00 
;;ACDC Doble;1; $ 15.500,00 
;;ACDC Triple;1; $ 18.800,00 
;;AMERICANO + levite;2; $ 12.800,00 
;;Beatle Doble 220g ;1; $ 14.900,00 
;;cambio x dip cheddar;; $ 900,00 
;;Charly Doble 220g ;2; $ 28.200,00 
;;Clasic Doble 220g;1; $ 13.500,00 
;;Clasic Simple 110g ;5; $ 52.500,00 
;;COCA 500 ml;1; $ 2.400,00 
;;Coca Cola 1.5 Lts;1; $ 4.300,00 
;;Coca Cola Zero 1.5 Lts;1; $ 4.300,00 
;;dip de cheddar;; $ 2.700,00 
;;Eminem;1; $ 16.600,00 
;;ENVIO;; $ 22.100,00 
;;FERNET ;2; $ 14.000,00 
;;Fried Onion Doble 220g;1; $ 15.100,00 
;;HC doble;1; $ 16.400,00 
;;HC simple;2; $ 26.800,00 
;;KISS SIMPLE;2; $ 24.400,00 
;;LEVITE 500ml;1; $ 2.100,00 
;;MADONNA veggie;1; $ 11.600,00 
;;Mala Fama Doble 220g;2; $ 32.800,00 
;;NUGGETS X12 + PAPAS + BBQ;1; $ 8.500,00 
;;Nugget's X6 ;; $ 2.800,00 
;;Papas con Cheddar;; $ 2.100,00 
;;PAPAS QUEEN;2; $ 16.600,00 
;;Papas Queen ;; $ 21.000,00 
;;PROMO 1 -- 4 X Classic simple;2; $ 51.200,00 
;;PROMO 2-- 2 x Charly doble ;2; $ 44.800,00 
;;Red Hot Simple 110g ;1; $ 12.100,00 
;;RESIDENTE DOBLE;2; $ 32.800,00 
;;RESIDENTE SIMPLE;1; $ 13.400,00 
;;Sprite 1.5L;1; $ 4.300,00 
;;Duko Simple;1; $ 12.400,00 
;;Duko Doble;1; $ 15.400,00 
;;Duko Triple 330g ;1; $ 18.700,00 
;;FANTA 500 ml;1; $ 2.400,00 
;383654;ACDC Doble;3; $ 46.500,00 
;;ACDC Simple ;2; $ 25.000,00 
;;ACDC Triple;1; $ 18.800,00 
;;Agua 500cc;2; $ 4.200,00 
;;Alma Fuerte ;1; $ 12.700,00 
;;Aros de Cebolla 6 unid.;; $ 13.600,00 
;;Beatle Doble 220g ;6; $ 89.400,00 
;;Beatle Simple 110g ;5; $ 59.500,00 
;;BIZARRAP Session #1 ;1; $ 9.900,00 
;;BIZZARAP session #2;2; $ 19.800,00 
;;Bob marley Simple;1; $ 11.300,00 
;;CAMPARI;2; $ 14.000,00 
;;Charly  Triple 330g;3; $ 52.200,00 
;;Charly Doble 220g ;5; $ 70.500,00 
;;Charly Simple 110g;2; $ 22.200,00 
;;Clasic Doble 220g;13; $ 175.500,00 
;;Clasic Simple 110g ;16; $ 168.000,00 
;;Clasic Triple 330g;1; $ 16.800,00 
;;COCA 500 ml;1; $ 2.400,00 
;;Coca Cola 1.5 Lts;8; $ 34.400,00 
;;Coca Cola Zero 1.5 Lts;1; $ 4.300,00 
;;dip de cheddar;; $ 2.700,00 
;;Eminem;2; $ 33.200,00 
;;ENVIO;; $ 67.600,00 
;;FERNET ;3; $ 21.000,00 
;;Freestyle;1; $ 20.400,00 
;;Fried Onion Doble 220g;1; $ 15.100,00 
;;GIN TONIC;2; $ 15.000,00 
;;Gorillaz Doble;1; $ 16.000,00 
;;HC doble;2; $ 32.800,00 
;;KIDS ROCK  (Ricosaurio x 4+ papas );1; $ 7.100,00 
;;KISS SIMPLE;3; $ 36.600,00 
;;LATON HEINEKEN;2; $ 10.000,00 
;;MADONNA veggie DOBLE;1; $ 14.500,00 
;;Mala Fama Doble 220g;8; $ 131.200,00 
;;Mala Fama Simple 110g ;5; $ 67.000,00 
;;Mala Fama Triple 330g ;3; $ 59.100,00 
;;NUGGETS X12 + PAPAS + BBQ;2; $ 17.000,00 
;;Nugget's X6 ;; $ 30.800,00 
;;Papas con Cheddar;2; $ 33.200,00 
;;PAPAS QUEEN;4; $ 33.200,00 
;;Papas Queen ;; $ 42.000,00 
;;PROMO 1 -- 4 X Classic simple;5; $ 128.000,00 
;;PROMO 2-- 2 x Charly doble ;9; $ 201.600,00 
;;Red Hot DOBLE;2; $ 30.200,00 
;;RESIDENTE DOBLE;2; $ 32.800,00 
;;RESIDENTE SIMPLE;4; $ 53.600,00 
;;RIHANNA ;1; $ 9.900,00 
;;Rolling Stone Doble 220g;1; $ 14.600,00 
;;Rolling Stone Simple 110g ;2; $ 23.200,00 
;;SPRITE 500 ml ;1; $ 2.400,00 
;;techno Chicken;2; $ 20.200,00 
;;VODKA + JUGO DE NARANJA;1; $ 6.500,00 
;;Duko Simple;5; $ 62.000,00 
;;Duko Doble;4; $ 61.600,00 
;;Duko Triple 330g ;3; $ 56.100,00 
;;Beatle Triple ;1; $ 18.200,00 
;;Rolling Stone Triple;1; $ 17.900,00 
;;Lata Schweppes Pomelo Zero;1; $ 2.400,00 
;;NIRVANA 2;1; $ 14.300,00 
;;Porcion Extra de Papas Medianas;; $ 8.000,00 
;;John Lennon XL;1; $ 22.000,00 
;;Michael Jackson Mediana;1; $ 18.000,00 
;;Pink Floyd Mediana;2; $ 38.000,00 
;;Pink Floyd XL;1; $ 25.000,00 
;;Creedence Mediana ;1; $ 21.000,00 
;;Empanada de Carne;1; $ 2.500,00 
;;Elvis Presley MEDIANA;1; $ 27.000,00 
;;6 empanadas;1; $ 13.000,00 
;;12 empanadas;1; $ 25.000,00 
;;3 empanadas;2; $ 14.000,00 
6/2/2026;384654;2 tostados AMERICANOS;1; $ 9.000,00 
;;ACDC Triple;1; $ 18.800,00 
;;Alma Fuerte ;1; $ 12.700,00 
;;Aros de Cebolla 6 unid.;; $ 3.400,00 
;;BIZARRAP Session #1 ;1; $ 9.900,00 
;;Bob marley Simple;1; $ 11.300,00 
;;cambio x dip cheddar;; $ 900,00 
;;Charly Doble 220g ;1; $ 14.100,00 
;;Clasic Doble 220g;3; $ 40.500,00 
;;Clasic Simple 110g ;2; $ 21.000,00 
;;COCA 500 ml;2; $ 4.800,00 
;;Coca Cola 1.5 Lts;1; $ 4.300,00 
;;Eminem;1; $ 16.600,00 
;;ENVIO;; $ 13.000,00 
;;FERNET ;2; $ 14.000,00 
;;GIN TONIC;1; $ 7.500,00 
;;HC doble;1; $ 16.400,00 
;;Heineken 464ml;3; $ 11.100,00 
;;LATON HEINEKEN;1; $ 5.000,00 
;;Mala Fama Doble 220g;1; $ 16.400,00 
;;Mala Fama Triple 330g ;1; $ 19.700,00 
;;MESA;;
;;NUGGETS X12 + PAPAS + BBQ;2; $ 17.000,00 
;;Nugget's X6 ;; $ 8.400,00 
;;PAPAS QUEEN;2; $ 16.600,00 
;;PROMO 1 -- 4 X Classic simple;1; $ 25.600,00 
;;PROMO 2-- 2 x Charly doble ;1; $ 22.400,00 
;;Red Hot DOBLE;1; $ 15.100,00 
;;RESIDENTE DOBLE;2; $ 32.800,00 
;;RESIDENTE SIMPLE;1; $ 13.400,00 
;;Rolling Stone Simple 110g ;1; $ 11.600,00 
;;Duko Doble;3; $ 46.200,00 
;;Duko Triple 330g ;1; $ 18.700,00 
;;Lata Schweppes Pomelo Zero;1; $ 2.400,00 
;385654;2 tostados CLASSIC;1; $ 9.000,00 
;;ACDC Doble;7; $ 108.500,00 
;;ACDC Simple ;4; $ 50.000,00 
;;Agua 500cc;2; $ 4.200,00 
;;Alma Fuerte ;3; $ 38.100,00 
;;Andes Rubia;9; $ 27.000,00 
;;Aros de Cebolla 6 unid.;; $ 6.800,00 
;;Beatle Doble 220g ;4; $ 59.600,00 
;;Beatle Simple 110g ;4; $ 47.600,00 
;;BIZARRAP Session #1 ;4; $ 39.600,00 
;;BIZZARAP session #2;2; $ 19.800,00 
;;Bob marley Simple;1; $ 11.300,00 
;;Cerveza Andes IPA;1; $ 3.000,00 
;;Charly  Triple 330g;2; $ 34.800,00 
;;Charly Doble 220g ;5; $ 70.500,00 
;;Charly Simple 110g;1; $ 11.100,00 
;;CHOCOTORTA;1; $ 4.200,00 
;;Clasic Doble 220g;25; $ 337.500,00 
;;Clasic Simple 110g ;19; $ 199.500,00 
;;Clasic Triple 330g;4; $ 67.200,00 
;;COCA 500 ml;3; $ 7.200,00 
;;Coca Cola 1.5 Lts;14; $ 60.200,00 
;;Coca Cola Zero 1.5 Lts;3; $ 12.900,00 
;;dip de barbacoa;; $ 3.300,00 
;;dip de cheddar;; $ 5.400,00 
;;ENVIO;; $ 109.200,00 
;;Freestyle;2; $ 40.800,00 
;;Gorillaz Doble;4; $ 64.000,00 
;;Gorillaz simple ;1; $ 13.000,00 
;;Gorillaz Triple;1; $ 19.300,00 
;;HC doble;6; $ 98.400,00 
;;HC simple;2; $ 26.800,00 
;;HC TRIPLE;1; $ 19.700,00 
;;Heineken 464ml;2; $ 7.400,00 
;;HIP HOP;4; $ 87.200,00 
;;KIDS ROCK  (Ricosaurio x 4+ papas );1; $ 7.100,00 
;;KISS DOBLE;2; $ 30.400,00 
;;KISS SIMPLE;1; $ 12.200,00 
;;LADY GAGA;2; $ 19.800,00 
;;LATA Coca-Cola 357cc;1; $ 2.500,00 
;;LATON HEINEKEN;1; $ 5.000,00 
;;LEVITE 500ml;1; $ 2.100,00 
;;Levite de Manzana 1.5 lts;1; $ 2.800,00 
;;MADONNA veggie;1; $ 11.600,00 
;;MADONNA veggie DOBLE;3; $ 43.500,00 
;;Mala Fama Doble 220g;13; $ 213.200,00 
;;Mala Fama Simple 110g ;8; $ 107.200,00 
;;Mala Fama Triple 330g ;6; $ 118.200,00 
;;MESA;;
;;NUGGETS X12 + PAPAS + BBQ;5; $ 42.500,00 
;;Nugget's X6 ;; $ 50.400,00 
;;Papas con Cheddar;3; $ 56.100,00 
;;PAPAS QUEEN;7; $ 58.100,00 
;;Papas Queen ;; $ 36.000,00 
;;PATRICIO REY SIMPLE;2; $ 25.400,00 
;;PROMO 1 -- 4 X Classic simple;5; $ 128.000,00 
;;PROMO 2-- 2 x Charly doble ;7; $ 156.800,00 
;;Red Hot DOBLE;6; $ 90.600,00 
;;Red Hot Simple 110g ;2; $ 24.200,00 
;;RESIDENTE DOBLE;4; $ 65.600,00 
;;RESIDENTE SIMPLE;4; $ 53.600,00 
;;RIHANNA ;1; $ 9.900,00 
;;Rolling Stone Simple 110g ;1; $ 11.600,00 
;;Sprite 1.5L;1; $ 4.300,00 
;;STELLA ARTOIS 464ml;1; $ 3.700,00 
;;techno Chicken;3; $ 30.300,00 
;;Duko Simple;5; $ 62.000,00 
;;Duko Doble;13; $ 200.200,00 
;;Duko Triple 330g ;5; $ 93.500,00 
;;Beatle Triple ;3; $ 54.600,00 
;;empanada caprece;2; $ 5.000,00 
;;NIRVANA 2;2; $ 28.600,00 
;;Porcion Extra de Papas Medianas;; $ 10.000,00 
;;John Lennon Mediana;1; $ 16.000,00 
;;John Lennon XL;3; $ 66.000,00 
;;Michael Jackson Mediana;4; $ 72.000,00 
;;Pink Floyd Mediana;2; $ 38.000,00 
;;Pink Floyd XL;8; $ 200.000,00 
;;Empanada de Carne;11; $ 27.500,00 
;;Empanada de Pollo;2; $ 5.000,00 
;;Empanada de Jamon y Queso;8; $ 20.000,00 
;;Elvis Presley MEDIANA;1; $ 27.000,00 
;;6 empanadas;2; $ 26.000,00 
;;12 empanadas;1; $ 25.000,00 
;;3 empanadas;1; $ 7.000,00 
;;EXTRA CHEDDAR ;; $ 7.500,00 
;;Freddie Mercury Mediana;1; $ 21.000,00 
;;Kiss XL;1; $ 24.000,00 
;;Led Zeppelin Mediana;1; $ 21.000,00 
;;Mick Jagger ;1; $ 19.000,00 
7/2/2026;385655;2 tostados AMERICANOS;2; $ 18.000,00 
;;Alma Fuerte ;1; $ 12.700,00 
;;Aros de Cebolla 6 unid.;; $ 3.400,00 
;;Beatle Doble 220g ;1; $ 14.900,00 
;;Charly  Triple 330g;1; $ 17.400,00 
;;Charly Doble 220g ;2; $ 28.200,00 
;;Charly Simple 110g;1; $ 11.100,00 
;;Clasic Doble 220g;1; $ 13.500,00 
;;Clasic Simple 110g ;1; $ 10.500,00 
;;Clasic Triple 330g;1; $ 16.800,00 
;;Coca Cola 1.5 Lts;3; $ 12.900,00 
;;dip de barbacoa;; $ 1.100,00 
;;Eminem;1; $ 16.600,00 
;;ENVIO;; $ 15.600,00 
;;Gorillaz Doble;1; $ 16.000,00 
;;HC doble;1; $ 16.400,00 
;;KISS DOBLE;2; $ 30.400,00 
;;LATON HEINEKEN;1; $ 5.000,00 
;;Mala Fama Doble 220g;1; $ 16.400,00 
;;NUGGETS X12 + PAPAS + BBQ;1; $ 8.500,00 
;;Nugget's X6 ;; $ 2.800,00 
;;Papas con Cheddar;3; $ 26.700,00 
;;Papas Mercury;1; $ 11.500,00 
;;Papas Queen ;; $ 12.000,00 
;;PATRICIO REY SIMPLE;1; $ 12.700,00 
;;PROMO 1 -- 4 X Classic simple;5; $ 128.000,00 
;;Red Hot Simple 110g ;1; $ 12.100,00 
;;RESIDENTE DOBLE;1; $ 16.400,00 
;;RIHANNA ;2; $ 19.800,00 
;;Rolling Stone Simple 110g ;2; $ 23.200,00 
;;Sprite 1.5L;1; $ 4.300,00 
;;Duko Doble;2; $ 30.800,00 
;386655;2 tostados AMERICANOS;1; $ 9.000,00 
;;ACDC Doble;3; $ 46.500,00 
;;ACDC Simple ;2; $ 25.000,00 
;;ACDC Triple;3; $ 56.400,00 
;;Alma Fuerte ;1; $ 12.700,00 
;;Andes Rubia;1; $ 3.000,00 
;;Aros de Cebolla 6 unid.;; $ 10.200,00 
;;Beatle Doble 220g ;5; $ 74.500,00 
;;Beatle Simple 110g ;5; $ 59.500,00 
;;BIZARRAP Session #1 ;1; $ 9.900,00 
;;BIZZARAP session #2;2; $ 19.800,00 
;;Bob Marley Doble ;1; $ 14.300,00 
;;Bob marley Simple;1; $ 11.300,00 
;;cambio x dip cheddar;; $ 900,00 
;;Charly Doble 220g ;2; $ 28.200,00 
;;Charly Simple 110g;1; $ 11.100,00 
;;Clasic Doble 220g;26; $ 351.000,00 
;;Clasic Simple 110g ;19; $ 199.500,00 
;;Clasic Triple 330g;1; $ 16.800,00 
;;COCA 500 ml;1; $ 2.400,00 
;;Coca Cola 1.5 Lts;13; $ 55.900,00 
;;Coca Cola Zero 1.5 Lts;1; $ 4.300,00 
;;dip de barbacoa;; $ 1.100,00 
;;dip de cheddar;; $ 18.900,00 
;;Eminem;2; $ 33.200,00 
;;ENVIO;; $ 115.700,00 
;;FERNET ;1; $ 7.000,00 
;;franui Chocolate con leche + chocolate blanco;2; $ 18.000,00 
;;franui Chocolate semiamargo + chocolate blanco;3; $ 27.000,00 
;;Freestyle;4; $ 81.600,00 
;;Fried Onion Doble 220g;3; $ 45.300,00 
;;Gorillaz Doble;3; $ 48.000,00 
;;HC doble;8; $ 131.200,00 
;;HC simple;3; $ 40.200,00 
;;Heineken 464ml;3; $ 11.100,00 
;;HIP HOP;5; $ 109.000,00 
;;KIDS ROCK  (Ricosaurio x 4+ papas );3; $ 21.300,00 
;;KISS DOBLE;3; $ 45.600,00 
;;KISS SIMPLE;3; $ 36.600,00 
;;LADY GAGA;1; $ 9.900,00 
;;LATA Coca-Cola 357cc;2; $ 5.000,00 
;;LATON HEINEKEN;4; $ 20.000,00 
;;Levite de Manzana 1.5 lts;1; $ 2.800,00 
;;Levite de POMELO 1,5 L;2; $ 5.600,00 
;;Mala Fama Doble 220g;10; $ 164.000,00 
;;Mala Fama Simple 110g ;6; $ 80.400,00 
;;Mala Fama Triple 330g ;1; $ 19.700,00 
;;MESA;;
;;NUGGETS X12 + PAPAS + BBQ;6; $ 51.000,00 
;;Nugget's X6 ;; $ 25.200,00 
;;Papas con Cheddar;2; $ 60.500,00 
;;PAPAS QUEEN;4; $ 33.200,00 
;;Papas Queen ;; $ 33.000,00 
;;PATRICIO REY DOBLE;1; $ 15.700,00 
;;PATRICIO REY SIMPLE;1; $ 12.700,00 
;;PROMO 1 -- 4 X Classic simple;9; $ 230.400,00 
;;PROMO 2-- 2 x Charly doble ;13; $ 291.200,00 
;;Red Hot DOBLE;5; $ 75.500,00 
;;Red Hot Simple 110g ;5; $ 60.500,00 
;;RESIDENTE DOBLE;5; $ 82.000,00 
;;RESIDENTE SIMPLE;2; $ 26.800,00 
;;RIHANNA ;1; $ 9.900,00 
;;Rolling Stone Doble 220g;3; $ 43.800,00 
;;SPRITE 500 ml ;1; $ 2.400,00 
;;STELLA ARTOIS 464ml;1; $ 3.700,00 
;;techno Chicken;1; $ 10.100,00 
;;TIRAMISU;1; $ 4.200,00 
;;Duko Simple;5; $ 62.000,00 
;;Duko Doble;16; $ 246.400,00 
;;Duko Triple 330g ;4; $ 74.800,00 
;;Beatle Triple ;4; $ 72.800,00 
;;FANTA 500 ml;1; $ 2.400,00 
;;Porcion de Faina;; $ 4.500,00 
;;CHEESECAKE OREO;2; $ 8.400,00 
;;NIRVANA  ;1; $ 14.200,00 
;;Lata Schweppes Pomelo Zero;1; $ 2.400,00 
;;NIRVANA 2;4; $ 57.200,00 
;;Porcion Extra de Papas Medianas;; $ 2.000,00 
;;John Lennon Mediana;2; $ 32.000,00 
;;John Lennon XL;4; $ 88.000,00 
;;Michael Jackson Mediana;1; $ 18.000,00 
;;Pink Floyd Mediana;4; $ 76.000,00 
;;Michael Jackson XL;2; $ 48.000,00 
;;Pink Floyd XL;3; $ 75.000,00 
;;Creedence XL;1; $ 27.000,00 
;;Creedence Mediana ;2; $ 42.000,00 
;;Empanada de Carne;3; $ 7.500,00 
;;Empanada de Pollo;1; $ 2.500,00 
;;Empanada de Jamon y Queso;2; $ 5.000,00 
;;Elvis Presley MEDIANA;1; $ 27.000,00 
;;3 empanadas;1; $ 7.000,00 
;;EXTRA CHEDDAR ;; $ 1.500,00 
;;Freddie Mercury Mediana;1; $ 21.000,00 
;;Led Zeppelin Mediana;1; $ 21.000,00 
8/2/2026;387655;2 tostados CLASSIC;1; $ 9.000,00 
;;ACDC Doble;3; $ 46.500,00 
;;ACDC Simple ;2; $ 25.000,00 
;;ACDC Triple;2; $ 37.600,00 
;;Alma Fuerte ;2; $ 25.400,00 
;;Andes Rubia;1; $ 3.000,00 
;;Aros de Cebolla 6 unid.;; $ 34.000,00 
;;Beatle Doble 220g ;2; $ 29.800,00 
;;Beatle Simple 110g ;3; $ 35.700,00 
;;BIZZARAP session #2;1; $ 9.900,00 
;;Bob marley Simple;1; $ 11.300,00 
;;Charly  Triple 330g;2; $ 34.800,00 
;;Charly Doble 220g ;6; $ 84.600,00 
;;Charly Simple 110g;1; $ 11.100,00 
;;Clasic Doble 220g;28; $ 378.000,00 
;;Clasic Simple 110g ;11; $ 115.500,00 
;;Clasic Triple 330g;8; $ 134.400,00 
;;Coca Cola 1.5 Lts;10; $ 43.000,00 
;;Coca Cola Zero 1.5 Lts;1; $ 4.300,00 
;;dip de barbacoa;; $ 2.200,00 
;;dip de cheddar;; $ 13.500,00 
;;Eminem;1; $ 16.600,00 
;;ENVIO;; $ 114.400,00 
;;FERNET ;1; $ 7.000,00 
;;franui Chocolate con leche + chocolate blanco;1; $ 9.000,00 
;;Freestyle;6; $ 122.400,00 
;;Fried Onion Doble 220g;2; $ 30.200,00 
;;Fried Onion Simple 110g ;1; $ 12.100,00 
;;Gorillaz Doble;3; $ 48.000,00 
;;Gorillaz simple ;1; $ 13.000,00 
;;Gorillaz Triple;1; $ 19.300,00 
;;HC doble;4; $ 65.600,00 
;;HC simple;3; $ 40.200,00 
;;KIDS ROCK  (Ricosaurio x 4+ papas );3; $ 21.300,00 
;;KISS DOBLE;7; $ 106.400,00 
;;KISS SIMPLE;3; $ 36.600,00 
;;LADY GAGA;3; $ 29.700,00 
;;LATON HEINEKEN;2; $ 10.000,00 
;;Levite de Manzana 1.5 lts;1; $ 2.800,00 
;;Levite de POMELO 1,5 L;1; $ 2.800,00 
;;Mala Fama Doble 220g;14; $ 229.600,00 
;;Mala Fama Simple 110g ;4; $ 53.600,00 
;;Mala Fama Triple 330g ;2; $ 39.400,00 
;;MESA;;
;;NUGGETS X12 + PAPAS + BBQ;5; $ 42.500,00 
;;Nugget's X6 ;; $ 22.400,00 
;;Papas con Cheddar;2; $ 37.400,00 
;;PAPAS QUEEN;3; $ 24.900,00 
;;Papas Queen ;; $ 66.000,00 
;;PROMO 1 -- 4 X Classic simple;12; $ 307.200,00 
;;PROMO 2-- 2 x Charly doble ;9; $ 201.600,00 
;;Red Hot DOBLE;3; $ 45.300,00 
;;Red Hot Simple 110g ;2; $ 24.200,00 
;;RESIDENTE DOBLE;8; $ 131.200,00 
;;RESIDENTE SIMPLE;3; $ 40.200,00 
;;RIHANNA ;3; $ 29.700,00 
;;Rolling Stone Doble 220g;4; $ 58.400,00 
;;Rolling Stone Simple 110g ;1; $ 11.600,00 
;;Techno Chicken DOBLE ;1; $ 13.000,00 
;;TIRAMISU;1; $ 4.200,00 
;;Duko Simple;9; $ 111.600,00 
;;Duko Doble;13; $ 200.200,00 
;;Beatle Triple ;1; $ 18.200,00 
;;Lata Schweppes Pomelo Zero;1; $ 2.400,00 
;;Porcion Extra de Papas Medianas;; $ 10.000,00 
;;John Lennon Mediana;2; $ 32.000,00 
;;John Lennon XL;1; $ 22.000,00 
;;Michael Jackson Mediana;3; $ 54.000,00 
;;Pink Floyd Mediana;4; $ 76.000,00 
;;Michael Jackson XL;1; $ 24.000,00 
;;Pink Floyd XL;1; $ 25.000,00 
;;Creedence Mediana ;3; $ 63.000,00 
;;Empanada de Carne;3; $ 7.500,00 
;;Empanada de Pollo;1; $ 2.500,00 
;;Empanada de Jamon y Queso;2; $ 5.000,00 
;;Elvis Presley MEDIANA;1; $ 27.000,00 
;;6 empanadas;1; $ 13.000,00 
;;12 empanadas;1; $ 25.000,00 
;;3 empanadas;1; $ 7.000,00 
;;Freddie Mercury Mediana;1; $ 21.000,00 
9/2/2026;387656;2 tostados AMERICANOS;1; $ 9.000,00 
;;2 tostados CLASSIC;1; $ 9.000,00 
;;ACDC Doble;1; $ 15.500,00 
;;ACDC Simple ;3; $ 37.500,00 
;;ACDC Triple;2; $ 37.600,00 
;;Andes Rubia;1; $ 3.000,00 
;;Aros de Cebolla 6 unid.;; $ 6.800,00 
;;AROS DE CEBOLLA X 12 + PAPAS + BBQ;1; $ 8.100,00 
;;Beatle Doble 220g ;2; $ 29.800,00 
;;Beatle Simple 110g ;1; $ 11.900,00 
;;BIZZARAP session #2;1; $ 9.900,00 
;;Bob Marley Doble ;2; $ 28.600,00 
;;cambio x dip cheddar;; $ 900,00 
;;Charly  Triple 330g;1; $ 17.400,00 
;;Charly Doble 220g ;1; $ 14.100,00 
;;Charly Simple 110g;1; $ 11.100,00 
;;CHOCOTORTA;1; $ 4.200,00 
;;Clasic Doble 220g;4; $ 54.000,00 
;;Clasic Simple 110g ;4; $ 42.000,00 
;;Clasic Triple 330g;1; $ 16.800,00 
;;COCA 500 ml;1; $ 2.400,00 
;;Coca Cola 1.5 Lts;2; $ 8.600,00 
;;Coca Cola Zero 1.5 Lts;1; $ 4.300,00 
;;dip de cheddar;; $ 10.800,00 
;;ENVIO;; $ 32.500,00 
;;Freestyle;1; $ 20.400,00 
;;Gorillaz Doble;2; $ 32.000,00 
;;Gorillaz simple ;1; $ 13.000,00 
;;HC doble;4; $ 65.600,00 
;;KISS DOBLE;3; $ 45.600,00 
;;LATA Coca-Cola 357cc;1; $ 2.500,00 
;;LEVITE 500ml;1; $ 2.100,00 
;;MADONNA veggie DOBLE;1; $ 14.500,00 
;;Mala Fama Doble 220g;2; $ 32.800,00 
;;Mala Fama Simple 110g ;2; $ 26.800,00 
;;Mala Fama Triple 330g ;1; $ 19.700,00 
;;NUGGETS X12 + PAPAS + BBQ;3; $ 25.500,00 
;;Nugget's X6 ;; $ 8.400,00 
;;Papas con Cheddar;; $ 8.400,00 
;;PAPAS QUEEN;2; $ 16.600,00 
;;Papas Queen ;; $ 3.000,00 
;;PATRICIO REY DOBLE;1; $ 15.700,00 
;;PATRICIO REY SIMPLE;1; $ 12.700,00 
;;PROMO 1 -- 4 X Classic simple;3; $ 76.800,00 
;;PROMO 2-- 2 x Charly doble ;2; $ 44.800,00 
;;Red Hot DOBLE;4; $ 60.400,00 
;;Red Hot Simple 110g ;6; $ 72.600,00 
;;RIHANNA ;3; $ 29.700,00 
;;Rolling Stone Doble 220g;3; $ 43.800,00 
;;Rolling Stone Simple 110g ;1; $ 11.600,00 
;;Duko Simple;2; $ 24.800,00 
;;Duko Doble;7; $ 107.800,00 
;;Duko Triple 330g ;1; $ 18.700,00 
;;Porcion de Faina;; $ 3.000,00 
;;NIRVANA 2;1; $ 14.300,00 
;;Porcion Extra de Papas Medianas;; $ 2.000,00 
;;John Lennon Mediana;1; $ 16.000,00 
;;Michael Jackson Mediana;1; $ 18.000,00 
;;Pink Floyd Mediana;1; $ 19.000,00 
;;Pink Floyd XL;1; $ 25.000,00 
;;Creedence XL;1; $ 27.000,00 
;;Empanada de Carne;1; $ 2.500,00 
;;Empanada de Jamon y Queso;1; $ 2.500,00 
;;6 empanadas;1; $ 13.000,00 
;;12 empanadas;1; $ 25.000,00 
;;3 empanadas;1; $ 7.000,00 
;;EXTRA CHEDDAR ;; $ 1.500,00 
;;Freddie Mercury Mediana;1; $ 21.000,00 
10/2/2026;387657;Agua 500cc;1; $ 2.100,00 
;;BIZARRAP Session #1 ;1; $ 9.900,00 
;;Charly Doble 220g ;1; $ 14.100,00 
;;Clasic Doble 220g;1; $ 13.500,00 
;;Clasic Simple 110g ;2; $ 21.000,00 
;;Clasic Triple 330g;2; $ 33.600,00 
;;COCA 500 ml;1; $ 2.400,00 
;;Coca Cola 1.5 Lts;3; $ 12.900,00 
;;Coca Cola Zero 1.5 Lts;1; $ 4.300,00 
;;ENVIO;; $ 11.700,00 
;;Fried Onion Doble 220g;2; $ 30.200,00 
;;LATA Coca-Cola 357cc;1; $ 2.500,00 
;;MADONNA veggie;1; $ 11.600,00 
;;NUGGETS X12 + PAPAS + BBQ;2; $ 17.000,00 
;;Nugget's X6 ;; $ 5.600,00 
;;Papas con Cheddar;; $ 2.100,00 
;;Papas Queen ;; $ 3.000,00 
;;PROMO 1 -- 4 X Classic simple;1; $ 25.600,00 
;;PROMO 2-- 2 x Charly doble ;4; $ 89.600,00 
;;RESIDENTE DOBLE;1; $ 16.400,00 
;;RIHANNA ;2; $ 19.800,00 
;;Rolling Stone Doble 220g;1; $ 14.600,00 
;;Sprite 1.5L;1; $ 4.300,00 
;;Duko Triple 330g ;1; $ 18.700,00 
;;NIRVANA  ;2; $ 28.400,00 
;;NIRVANA 2;1; $ 14.300,00 
;388657;2 tostados AMERICANOS;1; $ 9.000,00 
;;ACDC Doble;3; $ 46.500,00 
;;ACDC Simple ;1; $ 12.500,00 
;;Agua 500cc;1; $ 2.100,00 
;;Alma Fuerte ;1; $ 12.700,00 
;;Andes Rubia;3; $ 9.000,00 
;;Aros de Cebolla 6 unid.;; $ 17.000,00 
;;Beatle Doble 220g ;1; $ 14.900,00 
;;Beatle Simple 110g ;1; $ 11.900,00 
;;Cerveza Andes IPA;1; $ 3.000,00 
;;Charly  Triple 330g;1; $ 17.400,00 
;;Charly Doble 220g ;2; $ 28.200,00 
;;Charly Simple 110g;1; $ 11.100,00 
;;Clasic Doble 220g;10; $ 135.000,00 
;;Clasic Simple 110g ;2; $ 21.000,00 
;;Clasic Triple 330g;3; $ 50.400,00 
;;COCA 500 ml;2; $ 4.800,00 
;;Coca Cola 1.5 Lts;5; $ 21.500,00 
;;Coca Cola Zero 1.5 Lts;1; $ 4.300,00 
;;dip de barbacoa;; $ 1.100,00 
;;dip de cheddar;; $ 2.700,00 
;;Eminem;1; $ 16.600,00 
;;ENVIO;; $ 44.200,00 
;;Freestyle;1; $ 20.400,00 
;;Gorillaz Doble;4; $ 64.000,00 
;;Gorillaz simple ;1; $ 13.000,00 
;;HC doble;2; $ 32.800,00 
;;HIP HOP;1; $ 21.800,00 
;;KISS DOBLE;1; $ 15.200,00 
;;kiss triple;1; $ 18.500,00 
;;LATA Coca-Cola 357cc;1; $ 2.500,00 
;;LATON HEINEKEN;2; $ 10.000,00 
;;Levite de POMELO 1,5 L;1; $ 2.800,00 
;;Mala Fama Doble 220g;5; $ 82.000,00 
;;Mala Fama Simple 110g ;4; $ 53.600,00 
;;Mala Fama Triple 330g ;1; $ 19.700,00 
;;NUGGETS X12 + PAPAS + BBQ;4; $ 34.000,00 
;;Nugget's X6 ;; $ 22.400,00 
;;Papas con Cheddar;; $ 14.700,00 
;;PAPAS QUEEN;1; $ 8.300,00 
;;Papas Queen ;; $ 27.000,00 
;;PATRICIO REY DOBLE;2; $ 31.400,00 
;;PATRICIO REY SIMPLE;1; $ 12.700,00 
;;PROMO 1 -- 4 X Classic simple;6; $ 153.600,00 
;;PROMO 2-- 2 x Charly doble ;5; $ 112.000,00 
;;Red Hot DOBLE;2; $ 30.200,00 
;;Red Hot Simple 110g ;2; $ 24.200,00 
;;RESIDENTE DOBLE;3; $ 49.200,00 
;;RESIDENTE SIMPLE;1; $ 13.400,00 
;;Rolling Stone Doble 220g;2; $ 29.200,00 
;;Sprite 1.5L;1; $ 4.300,00 
;;TIRAMISU;1; $ 4.200,00 
;;Duko Simple;6; $ 74.400,00 
;;Duko Doble;7; $ 107.800,00 
;;Beatle Triple ;1; $ 18.200,00 
;;CHEESECAKE OREO;1; $ 4.200,00 
;;NIRVANA  ;1; $ 14.200,00 
;;Porcion Extra de Papas Medianas;; $ 4.000,00 
;;EXTRA CHEDDAR ;; $ 3.000,00 
11/2/2026;388658;2 tostados AMERICANOS;1; $ 9.000,00 
;;Beatle Doble 220g ;1; $ 14.900,00 
;;cambio x dip cheddar;; $ 900,00 
;;Charly Simple 110g;1; $ 11.100,00 
;;Clasic Doble 220g;2; $ 27.000,00 
;;Clasic Simple 110g ;3; $ 31.500,00 
;;COCA 500 ml;3; $ 7.200,00 
;;dip de cheddar;; $ 2.700,00 
;;ENVIO;; $ 13.000,00 
;;KIDS ROCK  (Ricosaurio x 4+ papas );1; $ 7.100,00 
;;MADONNA veggie DOBLE;2; $ 29.000,00 
;;Mala Fama Doble 220g;1; $ 16.400,00 
;;Mala Fama Simple 110g ;1; $ 13.400,00 
;;MESA;;
;;NUGGETS X12 + PAPAS + BBQ;2; $ 17.000,00 
;;Nugget's X6 ;; $ 5.600,00 
;;Papas con Cheddar;; $ 4.200,00 
;;Papas Queen ;; $ 9.000,00 
;;PROMO 2-- 2 x Charly doble ;3; $ 67.200,00 
;;RIHANNA ;2; $ 19.800,00 
;;Rolling Stone Doble 220g;1; $ 14.600,00 
;;SPRITE 500 ml ;1; $ 2.400,00 
;;Duko Simple;1; $ 12.400,00 
;;Duko Doble;3; $ 46.200,00 
;;Porcion Extra de Papas Medianas;; $ 4.000,00 
;388659;ACDC Doble;1; $ 15.500,00 
;;Alma Fuerte ;2; $ 25.400,00 
;;Aros de Cebolla 6 unid.;; $ 13.600,00 
;;Beatle Doble 220g ;4; $ 59.600,00 
;;Beatle Simple 110g ;2; $ 23.800,00 
;;BIZARRAP Session #1 ;1; $ 9.900,00 
;;Bob marley Simple;1; $ 11.300,00 
;;cambio x dip cheddar;; $ 900,00 
;;Charly  Triple 330g;2; $ 34.800,00 
;;Charly Doble 220g ;2; $ 28.200,00 
;;Charly Simple 110g;2; $ 22.200,00 
;;Clasic Doble 220g;7; $ 94.500,00 
;;Clasic Simple 110g ;9; $ 94.500,00 
;;Clasic Triple 330g;2; $ 33.600,00 
;;Coca Cola 1.5 Lts;5; $ 21.500,00 
;;Coca Cola Zero 1.5 Lts;1; $ 4.300,00 
;;dip de cheddar;; $ 2.700,00 
;;Eminem;1; $ 16.600,00 
;;ENVIO;; $ 52.000,00 
;;Freestyle;5; $ 102.000,00 
;;Fried Onion Doble 220g;3; $ 45.300,00 
;;Gorillaz Doble;1; $ 16.000,00 
;;HC doble;3; $ 49.200,00 
;;HIP HOP;1; $ 21.800,00 
;;KIDS ROCK  (Ricosaurio x 4+ papas );1; $ 7.100,00 
;;KISS DOBLE;2; $ 30.400,00 
;;LADY GAGA;2; $ 19.800,00 
;;LATA Coca-Cola 357cc;1; $ 2.500,00 
;;LATON HEINEKEN;4; $ 20.000,00 
;;Levite de POMELO 1,5 L;1; $ 2.800,00 
;;Mala Fama Doble 220g;7; $ 114.800,00 
;;Mala Fama Simple 110g ;5; $ 67.000,00 
;;Mala Fama Triple 330g ;1; $ 19.700,00 
;;NUGGETS X12 + PAPAS + BBQ;3; $ 25.500,00 
;;Nugget's X6 ;; $ 14.000,00 
;;Papas con Cheddar;4; $ 58.000,00 
;;Papas Mercury;1; $ 11.500,00 
;;PAPAS QUEEN;1; $ 8.300,00 
;;Papas Queen ;; $ 36.000,00 
;;PATRICIO REY SIMPLE;1; $ 12.700,00 
;;PROMO 2-- 2 x Charly doble ;7; $ 156.800,00 
;;Red Hot Simple 110g ;2; $ 24.200,00 
;;Red Hot Triple 330g ;1; $ 18.400,00 
;;RESIDENTE DOBLE;1; $ 16.400,00 
;;RESIDENTE SIMPLE;3; $ 40.200,00 
;;RIHANNA ;1; $ 9.900,00 
;;Rolling Stone Doble 220g;1; $ 14.600,00 
;;STELLA ARTOIS 464ml;2; $ 7.400,00 
;;Techno Chicken DOBLE ;1; $ 13.000,00 
;;Duko Simple;3; $ 37.200,00 
;;Duko Doble;2; $ 30.800,00 
;;Duko Triple 330g ;2; $ 37.400,00 
;;Porcion Extra de Papas Medianas;; $ 4.000,00 
;;John Lennon XL;2; $ 44.000,00 
;;Michael Jackson Mediana;1; $ 18.000,00 
;;Pink Floyd XL;2; $ 50.000,00 
;;Empanada de Carne;2; $ 5.000,00 
;;Empanada de Pollo;3; $ 7.500,00 
;;6 empanadas;1; $ 13.000,00 
;;12 empanadas;1; $ 25.000,00 
12/2/2026;388660;2 tostados AMERICANOS;1; $ 9.000,00 
;;Alma Fuerte ;1; $ 12.700,00 
;;Beatle Doble 220g ;1; $ 14.900,00 
;;Charly Doble 220g ;2; $ 28.200,00 
;;Charly Simple 110g;1; $ 11.100,00 
;;Clasic Doble 220g;3; $ 40.500,00 
;;Clasic Simple 110g ;1; $ 10.500,00 
;;Coca Cola 1.5 Lts;3; $ 12.900,00 
;;ENVIO;; $ 10.400,00 
;;FERNET ;2; $ 14.000,00 
;;GIN TONIC;1; $ 7.500,00 
;;HIP HOP;1; $ 21.800,00 
;;LATA Coca-Cola 357cc;2; $ 5.000,00 
;;Mala Fama Doble 220g;1; $ 16.400,00 
;;MESA;;
;;NUGGETS X12 + PAPAS + BBQ;3; $ 25.500,00 
;;Papas con Cheddar;1; $ 8.200,00 
;;Papas Queen ;; $ 3.000,00 
;;PROMO 2-- 2 x Charly doble ;1; $ 22.400,00 
;;RIHANNA ;1; $ 9.900,00 
;;Duko Simple;2; $ 24.800,00 
;;Duko Doble;1; $ 15.400,00 
;;CHEESECAKE OREO;1; $ 4.200,00 
;388661;2 tostados AMERICANOS;1; $ 9.000,00 
;;ACDC Doble;2; $ 31.000,00 
;;Alma Fuerte ;2; $ 25.400,00 
;;AMERICANO + levite;2; $ 12.800,00 
;;Aros de Cebolla 6 unid.;; $ 13.600,00 
;;AROS DE CEBOLLA X 12 + PAPAS + BBQ;1; $ 8.100,00 
;;Beatle Doble 220g ;1; $ 14.900,00 
;;Beatle Simple 110g ;1; $ 11.900,00 
;;BIZARRAP Session #1 ;1; $ 9.900,00 
;;BIZZARAP session #2;3; $ 29.700,00 
;;Bob Marley Doble ;1; $ 14.300,00 
;;Charly  Triple 330g;1; $ 17.400,00 
;;Charly Doble 220g ;2; $ 28.200,00 
;;Charly Simple 110g;1; $ 11.100,00 
;;CHOCOTORTA;1; $ 4.200,00 
;;Clasic Doble 220g;6; $ 81.000,00 
;;Clasic Simple 110g ;4; $ 42.000,00 
;;Clasic Triple 330g;2; $ 33.600,00 
;;Coca Cola 1.5 Lts;5; $ 21.500,00 
;;Coca Cola Zero 1.5 Lts;1; $ 4.300,00 
;;dip de barbacoa;; $ 1.100,00 
;;dip de cheddar;; $ 8.100,00 
;;Eminem;3; $ 49.800,00 
;;ENVIO;; $ 55.900,00 
;;Gorillaz Doble;2; $ 32.000,00 
;;Gorillaz Triple;1; $ 19.300,00 
;;HC doble;2; $ 32.800,00 
;;KIDS ROCK  (Ricosaurio x 4+ papas );1; $ 7.100,00 
;;KISS SIMPLE;1; $ 12.200,00 
;;LADY GAGA;2; $ 19.800,00 
;;LATA Coca-Cola 357cc;1; $ 2.500,00 
;;Levite de Manzana 1.5 lts;2; $ 5.600,00 
;;Levite de POMELO 1,5 L;1; $ 2.800,00 
;;Mala Fama Doble 220g;2; $ 32.800,00 
;;Mala Fama Simple 110g ;3; $ 40.200,00 
;;Mala Fama Triple 330g ;2; $ 39.400,00 
;;NUGGETS X12 + PAPAS + BBQ;3; $ 25.500,00 
;;Nugget's X6 ;; $ 22.400,00 
;;Papas con Cheddar;1; $ 12.400,00 
;;PAPAS QUEEN;1; $ 8.300,00 
;;Papas Queen ;; $ 27.000,00 
;;PATRICIO REY SIMPLE;1; $ 12.700,00 
;;PROMO 1 -- 4 X Classic simple;4; $ 102.400,00 
;;PROMO 2-- 2 x Charly doble ;4; $ 89.600,00 
;;Red Hot DOBLE;2; $ 30.200,00 
;;Red Hot Simple 110g ;1; $ 12.100,00 
;;RESIDENTE SIMPLE;2; $ 26.800,00 
;;Rolling Stone Doble 220g;1; $ 14.600,00 
;;Rolling Stone Simple 110g ;1; $ 11.600,00 
;;Sprite 1.5L;1; $ 4.300,00 
;;STELLA ARTOIS 464ml;1; $ 3.700,00 
;;Duko Simple;4; $ 49.600,00 
;;Duko Doble;12; $ 184.800,00 
;;Duko Triple 330g ;2; $ 37.400,00 
;;Rolling Stone Triple;1; $ 17.900,00 
;;Porcion Extra de Papas Medianas;; $ 8.000,00 
;;John Lennon XL;2; $ 44.000,00 
;;Pink Floyd Mediana;1; $ 19.000,00 
;;Pink Floyd XL;1; $ 25.000,00 
;;Empanada de Carne;5; $ 12.500,00 
;;Empanada de Pollo;3; $ 7.500,00 
;;Empanada de Jamon y Queso;9; $ 22.500,00 
;;6 empanadas;1; $ 13.000,00 
;;12 empanadas;2; $ 50.000,00 
;;CHEESCAKE DE FRUTILLA ;1; $ 4.200,00 
13/2/2026;388662;Andes Rubia;1; $ 3.000,00 
;;Clasic Simple 110g ;3; $ 31.500,00 
;;Coca Cola 1.5 Lts;1; $ 4.300,00 
;;ENVIO;; $ 10.400,00 
;;FERNET ;2; $ 14.000,00 
;;franui Chocolate semiamargo + chocolate blanco;1; $ 9.000,00 
;;Freestyle;2; $ 40.800,00 
;;KISS DOBLE;1; $ 15.200,00 
;;LADY GAGA;1; $ 9.900,00 
;;LATON HEINEKEN;2; $ 10.000,00 
;;NUGGETS X12 + PAPAS + BBQ;1; $ 8.500,00 
;;Papas con Cheddar;1; $ 8.200,00 
;;Papas Mercury;1; $ 11.500,00 
;;PAPAS QUEEN;1; $ 8.300,00 
;;PROMO 1 -- 4 X Classic simple;2; $ 51.200,00 
;;PROMO 2-- 2 x Charly doble ;2; $ 44.800,00 
;;Duko Simple;1; $ 12.400,00 
;388663;ACDC Doble;6; $ 97.200,00 
;;ACDC Simple ;2; $ 26.400,00 
;;ACDC Triple;1; $ 19.500,00 
;;Agua 500cc;1; $ 2.100,00 
;;Alma Fuerte ;3; $ 40.500,00 
;;Andes Rubia;1; $ 3.000,00 
;;Aros de Cebolla 6 unid.;; $ 14.400,00 
;;Beatle Doble 220g ;4; $ 62.400,00 
;;Beatle Simple 110g ;3; $ 37.800,00 
;;Bob Marley Doble ;1; $ 15.100,00 
;;Bob marley Simple;1; $ 12.100,00 
;;cambio x dip cheddar;; $ 900,00 
;;Cerveza Andes IPA;1; $ 3.000,00 
;;Charly Doble 220g ;11; $ 161.700,00 
;;Charly Simple 110g;6; $ 70.200,00 
;;CHOCOTORTA;1; $ 4.200,00 
;;Clasic Doble 220g;24; $ 338.400,00 
;;Clasic Simple 110g ;11; $ 122.100,00 
;;Clasic Triple 330g;1; $ 17.400,00 
;;COCA 500 ml;2; $ 4.800,00 
;;Coca Cola 1.5 Lts;7; $ 30.100,00 
;;Coca Cola Zero 1.5 Lts;1; $ 4.300,00 
;;dip de barbacoa;; $ 3.300,00 
;;dip de cheddar;; $ 5.600,00 
;;Eminem;3; $ 52.800,00 
;;ENVIO;; $ 100.100,00 
;;franui Chocolate con leche + chocolate blanco;1; $ 9.000,00 
;;Freestyle;6; $ 129.600,00 
;;Gorillaz Doble;2; $ 33.600,00 
;;Gorillaz simple ;1; $ 13.800,00 
;;HC doble;2; $ 34.800,00 
;;HC simple;3; $ 42.600,00 
;;Heineken 464ml;3; $ 11.100,00 
;;KIDS ROCK  (Ricosaurio x 4+ papas );1; $ 7.500,00 
;;KISS DOBLE;4; $ 63.600,00 
;;KISS SIMPLE;1; $ 12.900,00 
;;LADY GAGA;1; $ 10.500,00 
;;LATA Coca-Cola 357cc;2; $ 5.000,00 
;;LATON HEINEKEN;3; $ 15.000,00 
;;Levite de Manzana 1.5 lts;1; $ 2.800,00 
;;Levite de POMELO 1,5 L;2; $ 5.600,00 
;;Mala Fama Doble 220g;11; $ 189.200,00 
;;Mala Fama Simple 110g ;2; $ 28.400,00 
;;Mala Fama Triple 330g ;3; $ 61.500,00 
;;NUGGETS X12 + PAPAS + BBQ;3; $ 27.000,00 
;;Nugget's X6 ;; $ 51.200,00 
;;Papas con Cheddar;4; $ 75.600,00 
;;Papas Mercury;1; $ 12.200,00 
;;PAPAS QUEEN;6; $ 52.800,00 
;;Papas Queen ;; $ 32.000,00 
;;PROMO 1 -- 4 X Classic simple;8; $ 216.800,00 
;;PROMO 2-- 2 x Charly doble ;14; $ 331.800,00 
;;Red Hot DOBLE;1; $ 15.800,00 
;;Red Hot Triple 330g ;1; $ 19.100,00 
;;RESIDENTE DOBLE;11; $ 189.200,00 
;;RESIDENTE SIMPLE;2; $ 28.400,00 
;;RIHANNA ;2; $ 21.000,00 
;;Rolling Stone Doble 220g;5; $ 76.500,00 
;;Rolling Stone Simple 110g ;1; $ 12.300,00 
;;Sprite 1.5L;2; $ 8.600,00 
;;SPRITE 500 ml ;1; $ 2.400,00 
;;STELLA ARTOIS 464ml;2; $ 7.400,00 
;;techno Chicken;1; $ 10.700,00 
;;Techno Chicken DOBLE ;1; $ 13.700,00 
;;Duko Simple;3; $ 39.300,00 
;;Duko Doble;17; $ 273.700,00 
;;Beatle Triple ;1; $ 18.900,00 
;;empanada caprece;2; $ 5.000,00 
;;Porcion Extra de Papas Medianas;; $ 4.000,00 
;;John Lennon Mediana;5; $ 80.000,00 
;;John Lennon XL;1; $ 22.000,00 
;;Michael Jackson Mediana;1; $ 18.000,00 
;;Pink Floyd XL;3; $ 75.000,00 
;;Creedence XL;2; $ 54.000,00 
;;Creedence Mediana ;1; $ 21.000,00 
;;Empanada de Carne;2; $ 5.000,00 
;;Empanada de Jamon y Queso;2; $ 5.000,00 
;;Elvis Presley XL;1; $ 34.000,00 
;;6 empanadas;1; $ 13.000,00 
;;Freddie Mercury XL;1; $ 21.000,00 
;;CHEESCAKE DE FRUTILLA ;2; $ 8.400,00 
14/2/2026;388664;Alma Fuerte ;1; $ 13.500,00 
;;Aros de Cebolla 6 unid.;; $ 7.200,00 
;;Beatle Doble 220g ;1; $ 15.600,00 
;;Charly Simple 110g;3; $ 35.100,00 
;;Clasic Doble 220g;3; $ 42.300,00 
;;Clasic Simple 110g ;1; $ 11.100,00 
;;Clasic Triple 330g;1; $ 17.400,00 
;;CLASICO + levite;1; $ 6.800,00 
;;Coca Cola 1.5 Lts;1; $ 4.300,00 
;;Coca Cola Zero 1.5 Lts;1; $ 4.300,00 
;;dip de barbacoa;; $ 1.100,00 
;;ENVIO;; $ 11.700,00 
;;Freestyle;1; $ 21.600,00 
;;Gorillaz Doble;2; $ 33.600,00 
;;HC simple;1; $ 14.200,00 
;;KIDS ROCK  (Ricosaurio x 4+ papas );1; $ 7.500,00 
;;LADY GAGA;2; $ 21.000,00 
;;MADONNA veggie DOBLE;1; $ 15.300,00 
;;Mala Fama Doble 220g;1; $ 17.200,00 
;;MESA;;
;;NUGGETS X12 + PAPAS + BBQ;1; $ 9.000,00 
;;Nugget's X6 ;; $ 3.200,00 
;;Papas con Cheddar;; $ 2.400,00 
;;Papas Queen ;; $ 12.800,00 
;;PROMO 1 -- 4 X Classic simple;1; $ 27.100,00 
;;Duko Simple;1; $ 13.100,00 
;;Duko Doble;4; $ 64.400,00 
;;FANTA 500 ml;1; $ 2.400,00 
;;Porcion Extra de Papas Medianas;; $ 4.000,00 
;388665;ACDC Doble;9; $ 145.800,00 
;;ACDC Simple ;4; $ 52.800,00 
;;ACDC Triple;4; $ 78.000,00 
;;Agua 500cc;6; $ 12.600,00 
;;Alma Fuerte ;3; $ 40.500,00 
;;Andes Rubia;1; $ 3.000,00 
;;Aros de Cebolla 6 unid.;; $ 32.400,00 
;;Beatle Doble 220g ;9; $ 140.400,00 
;;Beatle Simple 110g ;4; $ 50.400,00 
;;BIZARRAP Session #1 ;3; $ 31.500,00 
;;BIZZARAP session #2;2; $ 21.000,00 
;;Bob Marley Doble ;2; $ 30.200,00 
;;Bob marley Simple;1; $ 12.100,00 
;;cambio x dip cheddar;; $ 2.700,00 
;;Cerveza Andes IPA;4; $ 12.000,00 
;;Charly  Triple 330g;2; $ 36.000,00 
;;Charly Doble 220g ;7; $ 102.900,00 
;;Charly Simple 110g;5; $ 58.500,00 
;;CHOCOTORTA;2; $ 8.400,00 
;;Clasic Doble 220g;28; $ 394.800,00 
;;Clasic Simple 110g ;28; $ 310.800,00 
;;Clasic Triple 330g;5; $ 87.000,00 
;;Coca Cola 1.5 Lts;11; $ 47.300,00 
;;Coca Cola Zero 1.5 Lts;3; $ 12.900,00 
;;dip de barbacoa;; $ 2.200,00 
;;dip de cheddar;; $ 22.400,00 
;;Eminem;1; $ 17.600,00 
;;ENVIO;; $ 89.700,00 
;;FERNET ;2; $ 14.000,00 
;;Freestyle;3; $ 64.800,00 
;;Gorillaz Doble;4; $ 67.200,00 
;;Gorillaz simple ;2; $ 27.600,00 
;;Gorillaz Triple;1; $ 20.100,00 
;;HC doble;5; $ 87.000,00 
;;HC simple;3; $ 42.600,00 
;;Heineken 464ml;1; $ 3.700,00 
;;KIDS ROCK  (Ricosaurio x 4+ papas );2; $ 15.000,00 
;;KISS DOBLE;1; $ 15.900,00 
;;KISS SIMPLE;1; $ 12.900,00 
;;LADY GAGA;1; $ 10.500,00 
;;LATA Coca-Cola 357cc;9; $ 22.500,00 
;;LATON HEINEKEN;8; $ 40.000,00 
;;LEVITE 500ml;3; $ 6.300,00 
;;Levite de Manzana 1.5 lts;1; $ 2.800,00 
;;Levite de POMELO 1,5 L;4; $ 11.200,00 
;;MADONNA veggie DOBLE;1; $ 15.300,00 
;;Mala Fama Doble 220g;18; $ 309.600,00 
;;Mala Fama Simple 110g ;14; $ 198.800,00 
;;Mala Fama Triple 330g ;5; $ 102.500,00 
;;MESA;;
;;NUGGETS X12 + PAPAS + BBQ;10; $ 90.000,00 
;;Nugget's X6 ;; $ 25.600,00 
;;Papas con Cheddar;; $ 36.000,00 
;;PAPAS QUEEN;8; $ 70.400,00 
;;Papas Queen ;; $ 22.400,00 
;;PATRICIO REY DOBLE;1; $ 16.500,00 
;;PATRICIO REY SIMPLE;1; $ 13.500,00 
;;PROMO 1 -- 4 X Classic simple;6; $ 162.600,00 
;;PROMO 2-- 2 x Charly doble ;20; $ 474.000,00 
;;Red Hot DOBLE;2; $ 31.600,00 
;;Red Hot Simple 110g ;4; $ 51.200,00 
;;RESIDENTE DOBLE;5; $ 86.000,00 
;;RESIDENTE SIMPLE;2; $ 28.400,00 
;;RIHANNA ;3; $ 31.500,00 
;;Rolling Stone Simple 110g ;2; $ 24.600,00 
;;Sprite 1.5L;3; $ 12.900,00 
;;SPRITE 500 ml ;2; $ 4.800,00 
;;STELLA ARTOIS 464ml;2; $ 7.400,00 
;;techno Chicken;2; $ 21.400,00 
;;Duko Simple;3; $ 39.300,00 
;;Duko Doble;12; $ 193.200,00 
;;Duko Triple 330g ;4; $ 77.600,00 
;;FANTA 500 ml;2; $ 4.800,00 
;;CHEESECAKE OREO;1; $ 4.200,00 
;;Porcion Extra de Papas Medianas;; $ 8.000,00 
;;John Lennon Mediana;6; $ 96.000,00 
;;John Lennon XL;4; $ 88.000,00 
;;Michael Jackson Mediana;2; $ 36.000,00 
;;Pink Floyd Mediana;2; $ 38.000,00 
;;Pink Floyd XL;4; $ 100.000,00 
;;Creedence XL;1; $ 27.000,00 
;;Creedence Mediana ;2; $ 42.000,00 
;;Empanada de Carne;4; $ 10.000,00 
;;Empanada de Jamon y Queso;1; $ 2.500,00 
;;6 empanadas;1; $ 13.000,00 
;;Kiss Mediana;2; $ 19.800,00 
15/2/2026;389665;ACDC Doble;2; $ 32.400,00 
;;ACDC Simple ;2; $ 26.400,00 
;;Alma Fuerte ;2; $ 27.000,00 
;;Aros de Cebolla 6 unid.;; $ 10.800,00 
;;AROS DE CEBOLLA X 12 + PAPAS + BBQ;1; $ 8.600,00 
;;Beatle Simple 110g ;2; $ 25.200,00 
;;BIZARRAP Session #1 ;3; $ 31.500,00 
;;BIZZARAP session #2;1; $ 10.500,00 
;;Bob Marley Doble ;1; $ 15.100,00 
;;Bob marley Simple;5; $ 60.500,00 
;;cambio x dip cheddar;; $ 5.400,00 
;;Charly Doble 220g ;3; $ 44.100,00 
;;Charly Simple 110g;3; $ 35.100,00 
;;CHOCOTORTA;2; $ 8.400,00 
;;Clasic Doble 220g;17; $ 239.700,00 
;;Clasic Simple 110g ;11; $ 122.100,00 
;;Clasic Triple 330g;3; $ 52.200,00 
;;COCA 500 ml;1; $ 2.400,00 
;;Coca Cola 1.5 Lts;11; $ 47.300,00 
;;dip de barbacoa;; $ 1.100,00 
;;dip de cheddar;; $ 5.600,00 
;;Eminem;1; $ 17.600,00 
;;ENVIO;; $ 94.900,00 
;;franui Chocolate con leche + chocolate blanco;1; $ 9.000,00 
;;Freestyle;6; $ 129.600,00 
;;Gorillaz Doble;3; $ 50.400,00 
;;Gorillaz simple ;1; $ 13.800,00 
;;Gorillaz Triple;1; $ 20.100,00 
;;HC doble;2; $ 34.800,00 
;;HC simple;3; $ 42.600,00 
;;KIDS ROCK  (Ricosaurio x 4+ papas );1; $ 7.500,00 
;;KISS DOBLE;1; $ 15.900,00 
;;KISS SIMPLE;2; $ 25.800,00 
;;LATA Coca-Cola 357cc;1; $ 2.500,00 
;;LATON HEINEKEN;2; $ 10.000,00 
;;Levite de Manzana 1.5 lts;2; $ 5.600,00 
;;MADONNA veggie DOBLE;1; $ 15.300,00 
;;Mala Fama Doble 220g;2; $ 34.400,00 
;;Mala Fama Simple 110g ;2; $ 28.400,00 
;;Mala Fama Triple 330g ;2; $ 41.000,00 
;;NUGGETS X12 + PAPAS + BBQ;8; $ 72.000,00 
;;Nugget's X6 ;; $ 38.400,00 
;;Papas con Cheddar;3; $ 35.700,00 
;;PAPAS QUEEN;6; $ 52.800,00 
;;Papas Queen ;; $ 38.400,00 
;;PATRICIO REY DOBLE;2; $ 33.000,00 
;;PROMO 1 -- 4 X Classic simple;9; $ 243.900,00 
;;PROMO 2-- 2 x Charly doble ;6; $ 142.200,00 
;;Red Hot DOBLE;3; $ 47.400,00 
;;Red Hot Simple 110g ;1; $ 12.800,00 
;;RESIDENTE DOBLE;1; $ 17.200,00 
;;RESIDENTE SIMPLE;1; $ 14.200,00 
;;Rolling Stone Doble 220g;3; $ 45.900,00 
;;Sprite 1.5L;2; $ 8.600,00 
;;STELLA ARTOIS 464ml;1; $ 3.700,00 
;;techno Chicken;1; $ 10.700,00 
;;Duko Simple;1; $ 13.100,00 
;;Duko Doble;9; $ 144.900,00 
;;Duko Triple 330g ;2; $ 38.800,00 
;;Beatle Triple ;3; $ 56.700,00 
;;Porcion Extra de Papas Medianas;; $ 13.200,00 
;;John Lennon Mediana;4; $ 64.000,00 
;;John Lennon XL;8; $ 176.000,00 
;;Pink Floyd Mediana;1; $ 19.000,00 
;;Michael Jackson XL;1; $ 24.000,00 
;;Pink Floyd XL;2; $ 50.000,00 
;;Creedence XL;3; $ 81.000,00 
;;Creedence Mediana ;3; $ 63.000,00 
;;Empanada de Jamon y Queso;7; $ 17.500,00 
;;Elvis Presley XL;2; $ 68.000,00 
;;6 empanadas;3; $ 39.000,00 
;;12 empanadas;3; $ 75.000,00 
;;3 empanadas;1; $ 7.000,00 
;;Freddie Mercury XL;2; $ 42.000,00 
;;Led Zeppelin Mediana;1; $ 21.000,00 
;;Kiss Mediana;1; $ 18.000,00 
16/2/2026;389666;ACDC Doble;4; $ 64.800,00 
;;ACDC Simple ;1; $ 13.200,00 
;;ACDC Triple;2; $ 39.000,00 
;;Agua 500cc;3; $ 6.300,00 
;;Alma Fuerte ;1; $ 13.500,00 
;;Aros de Cebolla 6 unid.;; $ 43.200,00 
;;Beatle Doble 220g ;8; $ 124.800,00 
;;Beatle Simple 110g ;5; $ 63.000,00 
;;BIZARRAP Session #1 ;2; $ 21.000,00 
;;Bob marley Simple;1; $ 12.100,00 
;;Cerveza Andes IPA;6; $ 18.000,00 
;;Charly  Triple 330g;1; $ 18.000,00 
;;Charly Doble 220g ;6; $ 88.200,00 
;;Charly Simple 110g;2; $ 23.400,00 
;;Clasic Doble 220g;24; $ 338.400,00 
;;Clasic Simple 110g ;13; $ 144.300,00 
;;Clasic Triple 330g;5; $ 87.000,00 
;;COCA 500 ml;1; $ 2.400,00 
;;Coca Cola 1.5 Lts;15; $ 64.500,00 
;;Coca Cola Zero 1.5 Lts;3; $ 12.900,00 
;;Eminem;4; $ 70.400,00 
;;ENVIO;; $ 83.200,00 
;;FERNET ;3; $ 21.000,00 
;;Fried Onion Doble 220g;3; $ 47.400,00 
;;Fried Onion Simple 110g ;1; $ 12.800,00 
;;Gorillaz Doble;5; $ 84.000,00 
;;Gorillaz simple ;1; $ 13.800,00 
;;HC doble;7; $ 120.600,00 
;;HC simple;5; $ 71.000,00 
;;HC TRIPLE;1; $ 20.500,00 
;;KISS DOBLE;2; $ 31.800,00 
;;LADY GAGA;1; $ 10.500,00 
;;LATA Coca-Cola 357cc;4; $ 10.000,00 
;;LATON HEINEKEN;2; $ 10.000,00 
;;LEVITE 500ml;4; $ 8.400,00 
;;Levite de Manzana 1.5 lts;2; $ 5.600,00 
;;Levite de POMELO 1,5 L;3; $ 8.400,00 
;;MADONNA veggie DOBLE;1; $ 15.300,00 
;;Mala Fama Doble 220g;12; $ 206.400,00 
;;Mala Fama Simple 110g ;1; $ 14.200,00 
;;Mala Fama Triple 330g ;1; $ 20.500,00 
;;NUGGETS X12 + PAPAS + BBQ;3; $ 27.000,00 
;;Nugget's X6 ;; $ 48.000,00 
;;Papas con Cheddar;5; $ 69.900,00 
;;Papas Mercury;2; $ 24.400,00 
;;PAPAS QUEEN;2; $ 17.600,00 
;;Papas Queen ;; $ 60.800,00 
;;PROMO 1 -- 4 X Classic simple;5; $ 135.500,00 
;;PROMO 2-- 2 x Charly doble ;16; $ 379.200,00 
;;Red Hot DOBLE;2; $ 31.600,00 
;;Red Hot Simple 110g ;3; $ 38.400,00 
;;RESIDENTE DOBLE;2; $ 34.400,00 
;;RESIDENTE SIMPLE;2; $ 28.400,00 
;;RIHANNA ;6; $ 63.000,00 
;;Rolling Stone Doble 220g;2; $ 30.600,00 
;;Rolling Stone Simple 110g ;1; $ 12.300,00 
;;Sprite 1.5L;1; $ 4.300,00 
;;SPRITE 500 ml ;1; $ 2.400,00 
;;Duko Simple;2; $ 26.200,00 
;;Duko Doble;16; $ 257.600,00 
;;Duko Triple 330g ;7; $ 135.800,00 
;;Beatle Triple ;1; $ 18.900,00 
;;Porcion de Faina;; $ 9.000,00 
;;NIRVANA  ;2; $ 30.000,00 
;;Lata Schweppes Pomelo Zero;1; $ 2.400,00 
;;NIRVANA 2;2; $ 30.000,00 
;;John Lennon Mediana;6; $ 96.000,00 
;;John Lennon XL;6; $ 132.000,00 
;;Michael Jackson Mediana;2; $ 36.000,00 
;;Pink Floyd Mediana;4; $ 76.000,00 
;;Michael Jackson XL;1; $ 24.000,00 
;;Pink Floyd XL;2; $ 50.000,00 
;;Creedence XL;2; $ 54.000,00 
;;Creedence Mediana ;1; $ 21.000,00 
;;Empanada de Jamon y Queso;5; $ 12.500,00 
;;6 empanadas;2; $ 26.000,00 
;;12 empanadas;1; $ 25.000,00 
;;3 empanadas;3; $ 21.000,00 
;;Led Zeppelin Mediana;1; $ 21.000,00 
17/2/2026;389667;2 tostados CLASSIC;1; $ 9.500,00 
;;ACDC Doble;2; $ 32.400,00 
;;ACDC Simple ;1; $ 13.200,00 
;;Andes Rubia;1; $ 3.000,00 
;;Aros de Cebolla 6 unid.;; $ 10.800,00 
;;AROS DE CEBOLLA X 12 + PAPAS + BBQ;1; $ 8.600,00 
;;Beatle Doble 220g ;2; $ 31.200,00 
;;Beatle Simple 110g ;3; $ 37.800,00 
;;BIZARRAP Session #1 ;1; $ 10.500,00 
;;BIZZARAP session #2;1; $ 10.500,00 
;;cambio x dip cheddar;; $ 900,00 
;;Charly  Triple 330g;1; $ 18.000,00 
;;Charly Doble 220g ;3; $ 44.100,00 
;;CHOCOTORTA;1; $ 4.200,00 
;;Clasic Doble 220g;17; $ 239.700,00 
;;Clasic Simple 110g ;13; $ 144.300,00 
;;Clasic Triple 330g;3; $ 52.200,00 
;;Coca Cola 1.5 Lts;3; $ 12.900,00 
;;Coca Cola Zero 1.5 Lts;1; $ 4.300,00 
;;dip de cheddar;; $ 2.800,00 
;;Eminem;1; $ 17.600,00 
;;ENVIO;; $ 67.600,00 
;;franui Chocolate con leche + chocolate blanco;1; $ 9.000,00 
;;Fried Onion Doble 220g;2; $ 31.600,00 
;;Gorillaz Doble;1; $ 16.800,00 
;;Gorillaz simple ;3; $ 41.400,00 
;;Gorillaz Triple;1; $ 20.100,00 
;;HC doble;1; $ 17.200,00 
;;HC simple;2; $ 28.400,00 
;;HC TRIPLE;3; $ 61.500,00 
;;Heineken 464ml;2; $ 7.400,00 
;;KIDS ROCK  (Ricosaurio x 4+ papas );1; $ 7.500,00 
;;KISS DOBLE;4; $ 63.600,00 
;;KISS SIMPLE;3; $ 38.700,00 
;;LATA Coca-Cola 357cc;2; $ 5.000,00 
;;LATON HEINEKEN;1; $ 5.000,00 
;;LEVITE 500ml;1; $ 2.100,00 
;;Levite de POMELO 1,5 L;1; $ 2.800,00 
;;MADONNA veggie;1; $ 12.300,00 
;;Mala Fama Doble 220g;7; $ 120.400,00 
;;Mala Fama Simple 110g ;6; $ 85.200,00 
;;Mala Fama Triple 330g ;3; $ 61.500,00 
;;NUGGETS X12 + PAPAS + BBQ;8; $ 72.000,00 
;;Nugget's X6 ;; $ 35.200,00 
;;Papas con Cheddar;5; $ 69.900,00 
;;Papas Mercury;2; $ 24.400,00 
;;PAPAS QUEEN;4; $ 35.200,00 
;;Papas Queen ;; $ 22.400,00 
;;PATRICIO REY SIMPLE;4; $ 54.000,00 
;;PROMO 1 -- 4 X Classic simple;3; $ 81.300,00 
;;PROMO 2-- 2 x Charly doble ;9; $ 213.300,00 
;;Red Hot DOBLE;3; $ 47.400,00 
;;Red Hot Simple 110g ;3; $ 38.400,00 
;;RESIDENTE DOBLE;4; $ 68.800,00 
;;RESIDENTE SIMPLE;5; $ 71.000,00 
;;Rolling Stone Doble 220g;2; $ 30.600,00 
;;Rolling Stone Simple 110g ;1; $ 12.300,00 
;;SPRITE 500 ml ;1; $ 2.400,00 
;;TIRAMISU;3; $ 12.600,00 
;;Duko Simple;3; $ 39.300,00 
;;Duko Doble;4; $ 64.400,00 
;;Duko Triple 330g ;2; $ 38.800,00 
;;Lata Schweppes Pomelo Zero;2; $ 4.800,00 
;;Porcion Extra de Papas Medianas;; $ 4.400,00 
18/2/2026;390667;Agua 500cc;1; $ 2.100,00 
;;BIZARRAP Session #1 ;1; $ 10.500,00 
;;Charly Doble 220g ;2; $ 29.400,00 
;;CHOCOTORTA;3; $ 12.600,00 
;;Clasic Simple 110g ;1; $ 11.100,00 
;;COCA 500 ml;1; $ 2.400,00 
;;Coca Cola 1.5 Lts;2; $ 8.600,00 
;;dip de barbacoa;; $ 1.100,00 
;;ENVIO;; $ 7.800,00 
;;Gorillaz Doble;1; $ 16.800,00 
;;KISS DOBLE;1; $ 15.900,00 
;;MADONNA veggie;1; $ 12.300,00 
;;MESA;;
;;NUGGETS X12 + PAPAS + BBQ;2; $ 18.000,00 
;;Papas Queen ;; $ 3.200,00 
;;PROMO 1 -- 4 X Classic simple;1; $ 27.100,00 
;;PROMO 2-- 2 x Charly doble ;1; $ 23.700,00 
;;Red Hot Simple 110g ;1; $ 12.800,00 
;;RESIDENTE DOBLE;1; $ 17.200,00 
;;RESIDENTE SIMPLE;1; $ 14.200,00 
;;Duko Simple;1; $ 13.100,00 
;;CHEESECAKE OREO;1; $ 4.200,00 
;;Porcion Extra de Papas Medianas;; $ 2.200,00 
;390668;2 tostados AMERICANOS;2; $ 19.000,00 
;;ACDC Doble;2; $ 32.400,00 
;;Alma Fuerte ;3; $ 40.500,00 
;;Andes Rubia;2; $ 6.000,00 
;;Aros de Cebolla 6 unid.;; $ 7.200,00 
;;AROS DE CEBOLLA X 12 + PAPAS + BBQ;1; $ 8.600,00 
;;Beatle Simple 110g ;1; $ 12.600,00 
;;BIZZARAP session #2;1; $ 10.500,00 
;;Bob Marley Doble ;1; $ 15.100,00 
;;Charly Doble 220g ;3; $ 44.100,00 
;;Charly Simple 110g;2; $ 23.400,00 
;;Clasic Doble 220g;5; $ 70.500,00 
;;Clasic Simple 110g ;5; $ 55.500,00 
;;Clasic Triple 330g;4; $ 69.600,00 
;;Coca Cola 1.5 Lts;4; $ 17.200,00 
;;ENVIO;; $ 31.200,00 
;;franui Chocolate con leche + chocolate blanco;1; $ 9.000,00 
;;Freestyle;2; $ 43.200,00 
;;Gorillaz Doble;1; $ 16.800,00 
;;Gorillaz Triple;1; $ 20.100,00 
;;HC doble;1; $ 17.200,00 
;;HC TRIPLE;1; $ 20.500,00 
;;KIDS ROCK  (Ricosaurio x 4+ papas );2; $ 15.000,00 
;;LATA SPRITE ;1; $ 2.500,00 
;;Levite de POMELO 1,5 L;2; $ 5.600,00 
;;Mala Fama Doble 220g;4; $ 68.800,00 
;;MESA;;
;;Nugget's X6 ;; $ 16.000,00 
;;Papas con Cheddar;; $ 9.600,00 
;;Papas Mercury;1; $ 12.200,00 
;;PAPAS QUEEN;1; $ 8.800,00 
;;Papas Queen ;; $ 9.600,00 
;;PATRICIO REY DOBLE;1; $ 16.500,00 
;;PROMO 1 -- 4 X Classic simple;1; $ 27.100,00 
;;PROMO 2-- 2 x Charly doble ;5; $ 118.500,00 
;;Red Hot Simple 110g ;5; $ 64.000,00 
;;RESIDENTE DOBLE;1; $ 17.200,00 
;;RIHANNA ;1; $ 10.500,00 
;;Rolling Stone Doble 220g;2; $ 30.600,00 
;;techno Chicken;2; $ 21.400,00 
;;Duko Simple;2; $ 26.200,00 
;;Duko Doble;6; $ 96.600,00 
;;Duko Triple 330g ;1; $ 19.400,00 
;;Beatle Triple ;1; $ 18.900,00 
;;Porcion Extra de Papas Medianas;; $ 8.800,00 
;;John Lennon Mediana;1; $ 16.000,00 
;;Michael Jackson Mediana;2; $ 36.000,00 
;;3 empanadas;1; $ 7.000,00 
;;EXTRA CHEDDAR ;; $ 1.500,00 
;;CHEESCAKE DE FRUTILLA ;1; $ 4.200,00 
19/2/2026;391668;2 tostados AMERICANOS;1; $ 9.500,00 
;;ACDC Doble;1; $ 16.200,00 
;;Alma Fuerte ;1; $ 13.500,00 
;;AMERICANO + levite;1; $ 6.800,00 
;;Beatle Simple 110g ;2; $ 25.200,00 
;;cambio x dip cheddar;; $ 900,00 
;;Charly Doble 220g ;2; $ 29.400,00 
;;Clasic Doble 220g;1; $ 14.100,00 
;;Clasic Simple 110g ;3; $ 33.300,00 
;;CLASICO + levite;1; $ 6.800,00 
;;COCA 500 ml;2; $ 4.800,00 
;;ENVIO;; $ 13.000,00 
;;franui Chocolate con leche + chocolate blanco;1; $ 9.000,00 
;;HC TRIPLE;1; $ 20.500,00 
;;LADY GAGA;1; $ 10.500,00 
;;LATA Coca-Cola 357cc;1; $ 2.500,00 
;;LEVITE 500ml;1; $ 2.100,00 
;;Mala Fama Simple 110g ;2; $ 28.400,00 
;;MESA;;
;;NUGGETS X12 + PAPAS + BBQ;1; $ 9.000,00 
;;Papas con Cheddar;2; $ 17.400,00 
;;Papas Queen ;; $ 6.400,00 
;;PROMO 2-- 2 x Charly doble ;3; $ 71.100,00 
;;techno Chicken;1; $ 10.700,00 
;;Duko Doble;3; $ 48.300,00 
;391669;ACDC Doble;2; $ 32.400,00 
;;ACDC Triple;1; $ 19.500,00 
;;Alma Fuerte ;2; $ 27.000,00 
;;Andes Rubia;2; $ 6.000,00 
;;Aros de Cebolla 6 unid.;; $ 10.800,00 
;;Beatle Doble 220g ;2; $ 31.200,00 
;;Beatle Simple 110g ;2; $ 25.200,00 
;;BIZARRAP Session #1 ;1; $ 10.500,00 
;;Charly  Triple 330g;1; $ 18.000,00 
;;Charly Doble 220g ;2; $ 29.400,00 
;;Charly Simple 110g;1; $ 11.700,00 
;;Clasic Doble 220g;5; $ 70.500,00 
;;Clasic Simple 110g ;4; $ 44.400,00 
;;Clasic Triple 330g;1; $ 17.400,00 
;;Coca Cola 1.5 Lts;2; $ 8.600,00 
;;dip de cheddar;; $ 2.800,00 
;;ENVIO;; $ 44.200,00 
;;FERNET ;2; $ 14.000,00 
;;franui Chocolate con leche + chocolate blanco;1; $ 9.000,00 
;;Gorillaz Doble;2; $ 33.600,00 
;;Gorillaz simple ;1; $ 13.800,00 
;;HC doble;4; $ 68.800,00 
;;HC simple;1; $ 14.200,00 
;;HC TRIPLE;3; $ 61.500,00 
;;Heineken 464ml;1; $ 3.700,00 
;;LADY GAGA;1; $ 10.500,00 
;;LATA Coca-Cola 357cc;2; $ 5.000,00 
;;LATON HEINEKEN;3; $ 15.000,00 
;;Mala Fama Doble 220g;2; $ 34.400,00 
;;Mala Fama Simple 110g ;1; $ 14.200,00 
;;NUGGETS X12 + PAPAS + BBQ;4; $ 36.000,00 
;;Nugget's X6 ;; $ 16.000,00 
;;Papas con Cheddar;2; $ 29.400,00 
;;PAPAS QUEEN;2; $ 17.600,00 
;;Papas Queen ;; $ 22.400,00 
;;PROMO 1 -- 4 X Classic simple;4; $ 108.400,00 
;;PROMO 2-- 2 x Charly doble ;5; $ 118.500,00 
;;Red Hot Simple 110g ;1; $ 12.800,00 
;;RESIDENTE DOBLE;2; $ 34.400,00 
;;RIHANNA ;2; $ 21.000,00 
;;Rolling Stone Doble 220g;1; $ 15.300,00 
;;Rolling Stone Simple 110g ;1; $ 12.300,00 
;;Sprite 1.5L;2; $ 8.600,00 
;;STELLA ARTOIS 464ml;1; $ 3.700,00 
;;techno Chicken;2; $ 21.400,00 
;;Duko Simple;2; $ 26.200,00 
;;Duko Doble;3; $ 48.300,00 
;;Duko Triple 330g ;2; $ 38.800,00 
;;Rolling Stone Triple;1; $ 18.600,00 
;;Porcion de Faina;; $ 7.500,00 
;;empanada caprece;1; $ 2.500,00 
;;NIRVANA 2;1; $ 15.000,00 
;;John Lennon Mediana;2; $ 32.000,00 
;;John Lennon XL;5; $ 110.000,00 
;;Pink Floyd Mediana;1; $ 19.000,00 
;;Creedence XL;3; $ 81.000,00 
;;Creedence Mediana ;2; $ 42.000,00 
;;Empanada de Carne;3; $ 7.500,00 
;;Empanada de Jamon y Queso;4; $ 10.000,00 
;;6 empanadas;1; $ 13.000,00 
;;CHEESCAKE DE FRUTILLA ;1; $ 4.200,00 
20/2/2026;391670;2 tostados AMERICANOS;1; $ 9.500,00 
;;ACDC Doble;3; $ 48.600,00 
;;ACDC Simple ;1; $ 13.200,00 
;;Alma Fuerte ;1; $ 13.500,00 
;;Andes Rubia;1; $ 3.000,00 
;;BIZZARAP session #2;1; $ 10.500,00 
;;Bob marley Simple;1; $ 12.100,00 
;;Charly Doble 220g ;1; $ 14.700,00 
;;Charly Simple 110g;2; $ 23.400,00 
;;Clasic Doble 220g;4; $ 56.400,00 
;;Clasic Simple 110g ;3; $ 33.300,00 
;;COCA 500 ml;2; $ 4.800,00 
;;Coca Cola 1.5 Lts;2; $ 8.600,00 
;;Coca Cola Zero 1.5 Lts;1; $ 4.300,00 
;;Eminem;1; $ 17.600,00 
;;ENVIO;; $ 20.800,00 
;;HC TRIPLE;1; $ 20.500,00 
;;Heineken 464ml;2; $ 7.400,00 
;;KISS SIMPLE;1; $ 12.900,00 
;;LADY GAGA;1; $ 10.500,00 
;;MADONNA veggie DOBLE;1; $ 15.300,00 
;;Mala Fama Doble 220g;1; $ 17.200,00 
;;Mala Fama Triple 330g ;2; $ 41.000,00 
;;MESA;;
;;NUGGETS X12 + PAPAS + BBQ;3; $ 27.000,00 
;;Papas con Cheddar;; $ 2.400,00 
;;PAPAS QUEEN;2; $ 17.600,00 
;;Papas Queen ;; $ 3.200,00 
;;PATRICIO REY SIMPLE;1; $ 13.500,00 
;;PROMO 1 -- 4 X Classic simple;1; $ 27.100,00 
;;PROMO 2-- 2 x Charly doble ;3; $ 71.100,00 
;;RIHANNA ;4; $ 42.000,00 
;;Duko Triple 330g ;2; $ 38.800,00 
;;Rolling Stone Triple;1; $ 18.600,00 
;;FANTA 500 ml;2; $ 4.800,00 
;;Lata Schweppes Pomelo Zero;1; $ 2.400,00 
;;Porcion Extra de Papas Medianas;; $ 2.200,00 
;391671;ACDC Doble;2; $ 32.400,00 
;;ACDC Simple ;3; $ 39.600,00 
;;ACDC Triple;1; $ 19.500,00 
;;Agua 500cc;1; $ 2.100,00 
;;Alma Fuerte ;2; $ 27.000,00 
;;Andes Rubia;1; $ 3.000,00 
;;Aros de Cebolla 6 unid.;; $ 25.200,00 
;;Beatle Doble 220g ;6; $ 93.600,00 
;;Beatle Simple 110g ;5; $ 63.000,00 
;;BIZZARAP session #2;2; $ 21.000,00 
;;Bob marley Simple;1; $ 12.100,00 
;;cambio x dip cheddar;; $ 2.700,00 
;;Charly  Triple 330g;2; $ 36.000,00 
;;Charly Doble 220g ;4; $ 58.800,00 
;;Charly Simple 110g;2; $ 23.400,00 
;;Clasic Doble 220g;15; $ 211.500,00 
;;Clasic Simple 110g ;12; $ 133.200,00 
;;Clasic Triple 330g;3; $ 52.200,00 
;;Coca Cola 1.5 Lts;11; $ 47.300,00 
;;Coca Cola Zero 1.5 Lts;1; $ 4.300,00 
;;dip de barbacoa;; $ 1.100,00 
;;dip de cheddar;; $ 8.400,00 
;;Eminem;1; $ 17.600,00 
;;ENVIO;; $ 97.500,00 
;;franui Chocolate con leche + chocolate blanco;2; $ 18.000,00 
;;franui Chocolate semiamargo + chocolate blanco;2; $ 18.000,00 
;;Freestyle;4; $ 86.400,00 
;;Fried Onion Doble 220g;2; $ 31.600,00 
;;GANCIA;1; $ 7.000,00 
;;GIN TONIC;1; $ 7.500,00 
;;Gorillaz Doble;2; $ 33.600,00 
;;Gorillaz simple ;2; $ 27.600,00 
;;Gorillaz Triple;1; $ 20.100,00 
;;HC doble;10; $ 172.000,00 
;;HC simple;1; $ 14.200,00 
;;HC TRIPLE;8; $ 164.000,00 
;;KIDS ROCK  (Ricosaurio x 4+ papas );1; $ 7.500,00 
;;KISS DOBLE;3; $ 47.700,00 
;;KISS SIMPLE;1; $ 12.900,00 
;;LATA Coca-Cola 357cc;2; $ 5.000,00 
;;LATON HEINEKEN;3; $ 15.000,00 
;;LEVITE 500ml;1; $ 2.100,00 
;;Levite de POMELO 1,5 L;2; $ 5.600,00 
;;MADONNA veggie;1; $ 12.300,00 
;;Mala Fama Doble 220g;9; $ 154.800,00 
;;Mala Fama Simple 110g ;2; $ 28.400,00 
;;NUGGETS X12 + PAPAS + BBQ;9; $ 81.000,00 
;;Nugget's X6 ;; $ 35.200,00 
;;Papas con Cheddar;2; $ 34.200,00 
;;PAPAS QUEEN;3; $ 26.400,00 
;;Papas Queen ;; $ 38.400,00 
;;PATRICIO REY DOBLE;2; $ 33.000,00 
;;PATRICIO REY SIMPLE;1; $ 13.500,00 
;;PROMO 1 -- 4 X Classic simple;5; $ 135.500,00 
;;PROMO 2-- 2 x Charly doble ;11; $ 260.700,00 
;;Red Hot DOBLE;2; $ 31.600,00 
;;Red Hot Triple 330g ;1; $ 19.100,00 
;;RESIDENTE DOBLE;4; $ 68.800,00 
;;RESIDENTE SIMPLE;3; $ 42.600,00 
;;RIHANNA ;2; $ 21.000,00 
;;Rolling Stone Doble 220g;2; $ 30.600,00 
;;Rolling Stone Simple 110g ;1; $ 12.300,00 
;;Sprite 1.5L;1; $ 4.300,00 
;;STELLA ARTOIS 464ml;2; $ 7.400,00 
;;techno Chicken;1; $ 10.700,00 
;;TIRAMISU;2; $ 8.400,00 
;;Duko Doble;7; $ 112.700,00 
;;Duko Triple 330g ;3; $ 58.200,00 
;;Rolling Stone Triple;1; $ 18.600,00 
;;FANTA 500 ml;1; $ 2.400,00 
;;Porcion de Faina;; $ 4.500,00 
;;NIRVANA  ;1; $ 15.000,00 
;;Porcion Extra de Papas Medianas;; $ 6.600,00 
;;John Lennon XL;3; $ 66.000,00 
;;Michael Jackson Mediana;2; $ 36.000,00 
;;Pink Floyd XL;2; $ 50.000,00 
;;Creedence Mediana ;1; $ 21.000,00 
;;Empanada de Carne;5; $ 12.500,00 
;;Empanada de Jamon y Queso;4; $ 10.000,00 
;;Elvis Presley MEDIANA;1; $ 27.000,00 
;;6 empanadas;4; $ 52.000,00 
;;12 empanadas;1; $ 25.000,00 
;;3 empanadas;2; $ 14.000,00 
21/2/2026;391672;ACDC Triple;1; $ 19.500,00 
;;Agua 500cc;1; $ 2.100,00 
;;Beatle Doble 220g ;4; $ 62.400,00 
;;Beatle Simple 110g ;1; $ 12.600,00 
;;BIZARRAP Session #1 ;1; $ 10.500,00 
;;Charly Doble 220g ;1; $ 14.700,00 
;;Clasic Doble 220g;6; $ 84.600,00 
;;Clasic Simple 110g ;5; $ 55.500,00 
;;COCA 500 ml;2; $ 4.800,00 
;;Coca Cola 1.5 Lts;3; $ 12.900,00 
;;dip de cheddar;; $ 2.800,00 
;;ENVIO;; $ 13.000,00 
;;FERNET ;1; $ 7.000,00 
;;Fried Onion Simple 110g ;1; $ 12.800,00 
;;KISS DOBLE;1; $ 15.900,00 
;;LATA Coca-Cola 357cc;1; $ 2.500,00 
;;LATON HEINEKEN;1; $ 5.000,00 
;;Mala Fama Doble 220g;1; $ 17.200,00 
;;Nugget's X6 ;; $ 6.400,00 
;;Papas con Cheddar;1; $ 13.500,00 
;;PAPAS QUEEN;1; $ 8.800,00 
;;Papas Queen ;; $ 3.200,00 
;;PROMO 2-- 2 x Charly doble ;1; $ 23.700,00 
;;Red Hot Simple 110g ;2; $ 25.600,00 
;;RESIDENTE DOBLE;1; $ 17.200,00 
;;RESIDENTE SIMPLE;1; $ 14.200,00 
;;RIHANNA ;3; $ 31.500,00 
;;Rolling Stone Simple 110g ;1; $ 12.300,00 
;;techno Chicken;1; $ 10.700,00 
;;Duko Simple;1; $ 13.100,00 
;;NIRVANA  ;1; $ 15.000,00 
;;NIRVANA 2;2; $ 30.000,00 
;;Porcion Extra de Papas Medianas;; $ 4.400,00 
;;EXTRA CHEDDAR ;; $ 1.500,00 
;391673;ACDC Doble;3; $ 48.600,00 
;;ACDC Simple ;5; $ 66.000,00 
;;Alma Fuerte ;3; $ 40.500,00 
;;Aros de Cebolla 6 unid.;; $ 18.000,00 
;;Beatle Doble 220g ;2; $ 31.200,00 
;;Beatle Simple 110g ;3; $ 37.800,00 
;;BIZZARAP session #2;2; $ 21.000,00 
;;cambio x dip cheddar;; $ 2.700,00 
;;Cerveza Andes IPA;2; $ 6.000,00 
;;Charly  Triple 330g;1; $ 18.000,00 
;;Charly Doble 220g ;5; $ 73.500,00 
;;Charly Simple 110g;1; $ 11.700,00 
;;CHOCOTORTA;3; $ 12.600,00 
;;Clasic Doble 220g;25; $ 352.500,00 
;;Clasic Simple 110g ;12; $ 133.200,00 
;;Clasic Triple 330g;8; $ 139.200,00 
;;Coca Cola 1.5 Lts;8; $ 34.400,00 
;;Coca Cola Zero 1.5 Lts;1; $ 4.300,00 
;;dip de cheddar;; $ 16.800,00 
;;ENVIO;; $ 97.500,00 
;;FERNET ;1; $ 7.000,00 
;;franui Chocolate con leche + chocolate blanco;3; $ 27.000,00 
;;Freestyle;3; $ 64.800,00 
;;Fried Onion Doble 220g;3; $ 47.400,00 
;;Gorillaz Doble;4; $ 67.200,00 
;;HC doble;9; $ 154.800,00 
;;HC simple;3; $ 42.600,00 
;;Heineken 464ml;3; $ 11.100,00 
;;KIDS ROCK  (Ricosaurio x 4+ papas );1; $ 7.500,00 
;;KISS DOBLE;4; $ 63.600,00 
;;KISS SIMPLE;2; $ 25.800,00 
;;LADY GAGA;2; $ 21.000,00 
;;LATA Coca-Cola 357cc;1; $ 2.500,00 
;;LATON HEINEKEN;3; $ 15.000,00 
;;LEVITE 500ml;1; $ 2.100,00 
;;Levite de POMELO 1,5 L;2; $ 5.600,00 
;;Mala Fama Doble 220g;2; $ 34.400,00 
;;Mala Fama Simple 110g ;6; $ 85.200,00 
;;Mala Fama Triple 330g ;4; $ 82.000,00 
;;NUGGETS X12 + PAPAS + BBQ;15; $ 135.000,00 
;;Nugget's X6 ;; $ 28.800,00 
;;Papas con Cheddar;1; $ 56.700,00 
;;PAPAS QUEEN;2; $ 17.600,00 
;;Papas Queen ;; $ 51.200,00 
;;PROMO 1 -- 4 X Classic simple;12; $ 325.200,00 
;;PROMO 2-- 2 x Charly doble ;12; $ 284.400,00 
;;Red Hot DOBLE;3; $ 47.400,00 
;;Red Hot Simple 110g ;3; $ 38.400,00 
;;RESIDENTE DOBLE;6; $ 103.200,00 
;;RESIDENTE SIMPLE;3; $ 42.600,00 
;;RIHANNA ;6; $ 63.000,00 
;;Rolling Stone Doble 220g;1; $ 15.300,00 
;;Rolling Stone Simple 110g ;2; $ 24.600,00 
;;Sprite 1.5L;1; $ 4.300,00 
;;techno Chicken;2; $ 21.400,00 
;;TIRAMISU;2; $ 8.400,00 
;;Duko Simple;3; $ 39.300,00 
;;Duko Doble;7; $ 112.700,00 
;;Porcion de Faina;; $ 9.000,00 
;;CHEESECAKE OREO;2; $ 8.400,00 
;;Porcion Extra de Papas Medianas;; $ 11.000,00 
;;John Lennon Mediana;4; $ 64.000,00 
;;John Lennon XL;7; $ 154.000,00 
;;Michael Jackson XL;1; $ 24.000,00 
;;Pink Floyd XL;3; $ 75.000,00 
;;Empanada de Carne;5; $ 12.500,00 
;;Empanada de Jamon y Queso;3; $ 7.500,00 
;;Elvis Presley XL;1; $ 34.000,00 
;;12 empanadas;2; $ 50.000,00 
;;3 empanadas;2; $ 14.000,00 
;;EXTRA CHEDDAR ;; $ 4.500,00 
;;Freddie Mercury Mediana;1; $ 21.000,00 
;;CHEESCAKE DE FRUTILLA ;4; $ 16.800,00 
;;Kiss Mediana;1; $ 18.000,00 
;;empanada cebolla y queso;1; $ 2.500,00 
22/2/2026;391674;ACDC Doble;6; $ 97.200,00 
;;ACDC Triple;1; $ 19.500,00 
;;Alma Fuerte ;1; $ 13.500,00 
;;Andes Rubia;2; $ 6.000,00 
;;Aros de Cebolla 6 unid.;; $ 28.800,00 
;;AROS DE CEBOLLA X 12 + PAPAS + BBQ;1; $ 8.600,00 
;;Beatle Doble 220g ;7; $ 109.200,00 
;;Beatle Simple 110g ;2; $ 25.200,00 
;;BIZZARAP session #2;1; $ 10.500,00 
;;Bob Marley Doble ;1; $ 15.100,00 
;;cambio x dip cheddar;; $ 900,00 
;;Cerveza Andes IPA;1; $ 3.000,00 
;;Charly Doble 220g ;3; $ 44.100,00 
;;Charly Simple 110g;3; $ 35.100,00 
;;Clasic Doble 220g;24; $ 338.400,00 
;;Clasic Simple 110g ;12; $ 133.200,00 
;;Clasic Triple 330g;3; $ 52.200,00 
;;COCA 500 ml;1; $ 2.400,00 
;;Coca Cola 1.5 Lts;8; $ 34.400,00 
;;dip de barbacoa;; $ 2.200,00 
;;dip de cheddar;; $ 19.600,00 
;;Eminem;3; $ 52.800,00 
;;ENVIO;; $ 85.800,00 
;;franui Chocolate con leche + chocolate blanco;2; $ 18.000,00 
;;Freestyle;2; $ 43.200,00 
;;Fried Onion Doble 220g;2; $ 31.600,00 
;;GANCIA;1; $ 7.000,00 
;;Gorillaz Doble;6; $ 100.800,00 
;;Gorillaz simple ;3; $ 41.400,00 
;;Gorillaz Triple;1; $ 20.100,00 
;;HC doble;4; $ 68.800,00 
;;HC simple;1; $ 14.200,00 
;;HC TRIPLE;1; $ 20.500,00 
;;KIDS ROCK  (Ricosaurio x 4+ papas );4; $ 30.000,00 
;;KISS DOBLE;3; $ 47.700,00 
;;KISS SIMPLE;2; $ 25.800,00 
;;kiss triple;1; $ 19.200,00 
;;LATON HEINEKEN;1; $ 5.000,00 
;;Levite de POMELO 1,5 L;1; $ 2.800,00 
;;Mala Fama Doble 220g;4; $ 68.800,00 
;;Mala Fama Simple 110g ;3; $ 42.600,00 
;;Mala Fama Triple 330g ;1; $ 20.500,00 
;;NUGGETS X12 + PAPAS + BBQ;4; $ 36.000,00 
;;Nugget's X6 ;; $ 35.200,00 
;;Papas con Cheddar;3; $ 47.700,00 
;;Papas Mercury;2; $ 24.400,00 
;;PAPAS QUEEN;7; $ 61.600,00 
;;Papas Queen ;; $ 38.400,00 
;;PATRICIO REY DOBLE;2; $ 33.000,00 
;;PATRICIO REY SIMPLE;1; $ 13.500,00 
;;PROMO 1 -- 4 X Classic simple;9; $ 243.900,00 
;;PROMO 2-- 2 x Charly doble ;15; $ 355.500,00 
;;Red Hot DOBLE;4; $ 63.200,00 
;;Red Hot Simple 110g ;2; $ 25.600,00 
;;RESIDENTE DOBLE;2; $ 34.400,00 
;;RESIDENTE SIMPLE;3; $ 42.600,00 
;;Rolling Stone Doble 220g;1; $ 15.300,00 
;;Rolling Stone Simple 110g ;1; $ 12.300,00 
;;Sprite 1.5L;2; $ 8.600,00 
;;techno Chicken;1; $ 10.700,00 
;;Duko Simple;2; $ 26.200,00 
;;Duko Doble;6; $ 96.600,00 
;;Duko Triple 330g ;1; $ 19.400,00 
;;FANTA 500 ml;1; $ 2.400,00 
;;NIRVANA  ;1; $ 15.000,00 
;;empanada caprece;1; $ 2.500,00 
;;Lata Schweppes Pomelo Zero;2; $ 4.800,00 
;;Porcion Extra de Papas Medianas;; $ 6.600,00 
;;John Lennon Mediana;2; $ 32.000,00 
;;Pink Floyd Mediana;2; $ 38.000,00 
;;Michael Jackson XL;2; $ 48.000,00 
;;Pink Floyd XL;1; $ 25.000,00 
;;Creedence Mediana ;2; $ 42.000,00 
;;Empanada de Carne;1; $ 2.500,00 
;;Empanada de Pollo;1; $ 2.500,00 
;;Empanada de Jamon y Queso;3; $ 7.500,00 
;;Elvis Presley XL;1; $ 34.000,00 
;;6 empanadas;1; $ 13.000,00 
;;3 empanadas;1; $ 7.000,00 
;;CHEESCAKE DE FRUTILLA ;1; $ 4.200,00 
23/2/2026;391675;ACDC Doble;1; $ 16.200,00 
;;ACDC Simple ;3; $ 39.600,00 
;;Andes Rubia;2; $ 6.000,00 
;;Beatle Simple 110g ;1; $ 12.600,00 
;;Bob Marley Doble ;2; $ 30.200,00 
;;Cerveza Andes IPA;1; $ 3.000,00 
;;Charly Doble 220g ;1; $ 14.700,00 
;;Charly Simple 110g;3; $ 35.100,00 
;;Clasic Doble 220g;12; $ 169.200,00 
;;Clasic Simple 110g ;6; $ 66.600,00 
;;Clasic Triple 330g;2; $ 34.800,00 
;;Coca Cola 1.5 Lts;4; $ 17.200,00 
;;dip de cheddar;; $ 5.600,00 
;;ENVIO;; $ 27.300,00 
;;FERNET ;2; $ 14.000,00 
;;Fried Onion Doble 220g;1; $ 15.800,00 
;;Gorillaz Doble;1; $ 16.800,00 
;;HC doble;1; $ 17.200,00 
;;HC TRIPLE;2; $ 41.000,00 
;;KISS SIMPLE;1; $ 12.900,00 
;;LATA Coca-Cola 357cc;1; $ 2.500,00 
;;LATON HEINEKEN;1; $ 5.000,00 
;;Levite de Manzana 1.5 lts;1; $ 2.800,00 
;;Mala Fama Doble 220g;1; $ 17.200,00 
;;Mala Fama Simple 110g ;3; $ 42.600,00 
;;NUGGETS X12 + PAPAS + BBQ;1; $ 9.000,00 
;;Papas con Cheddar;2; $ 24.600,00 
;;PAPAS QUEEN;2; $ 17.600,00 
;;PATRICIO REY DOBLE;1; $ 16.500,00 
;;PATRICIO REY SIMPLE;3; $ 40.500,00 
;;PROMO 2-- 2 x Charly doble ;4; $ 94.800,00 
;;Red Hot DOBLE;3; $ 47.400,00 
;;Red Hot Simple 110g ;1; $ 12.800,00 
;;RIHANNA ;2; $ 21.000,00 
;;techno Chicken;1; $ 10.700,00 
;;Techno Chicken DOBLE ;1; $ 13.700,00 
;;Duko Simple;1; $ 13.100,00 
;;Duko Doble;4; $ 64.400,00 
;;Duko Triple 330g ;3; $ 58.200,00 
;;NIRVANA 2;1; $ 15.000,00 
;;Porcion Extra de Papas Medianas;; $ 11.000,00 
;;Pink Floyd Mediana;1; $ 19.000,00 
;;Creedence XL;1; $ 27.000,00 
;;Empanada de Carne;1; $ 2.500,00 
;;Empanada de Jamon y Queso;2; $ 5.000,00 
24/2/2026;391676;ACDC Simple ;1; $ 13.200,00 
;;AMERICANO + levite;1; $ 6.800,00 
;;Beatle Simple 110g ;1; $ 12.600,00 
;;Charly Simple 110g;1; $ 11.700,00 
;;Clasic Doble 220g;3; $ 42.300,00 
;;Clasic Simple 110g ;4; $ 44.400,00 
;;Coca Cola 1.5 Lts;3; $ 12.900,00 
;;ENVIO;; $ 15.600,00 
;;franui Chocolate con leche + chocolate blanco;2; $ 18.000,00 
;;HC simple;1; $ 14.200,00 
;;LATA Coca-Cola 357cc;1; $ 2.500,00 
;;LEVITE 500ml;1; $ 2.100,00 
;;NUGGETS X12 + PAPAS + BBQ;1; $ 9.000,00 
;;Nugget's X6 ;; $ 3.200,00 
;;Papas con Cheddar;; $ 2.400,00 
;;Papas Queen ;; $ 3.200,00 
;;PROMO 1 -- 4 X Classic simple;1; $ 27.100,00 
;;PROMO 2-- 2 x Charly doble ;2; $ 47.400,00 
;;RIHANNA ;2; $ 21.000,00 
;391677;2 tostados AMERICANOS;1; $ 9.500,00 
;;2 tostados CLASSIC;1; $ 9.500,00 
;;ACDC Doble;1; $ 16.200,00 
;;ACDC Triple;1; $ 19.500,00 
;;Agua 500cc;1; $ 2.100,00 
;;Andes Rubia;3; $ 9.000,00 
;;Aros de Cebolla 6 unid.;; $ 7.200,00 
;;Beatle Doble 220g ;6; $ 93.600,00 
;;Beatle Simple 110g ;1; $ 12.600,00 
;;BIZARRAP Session #1 ;1; $ 10.500,00 
;;BIZZARAP session #2;1; $ 10.500,00 
;;cambio x dip cheddar;; $ 900,00 
;;Cerveza Andes IPA;3; $ 9.000,00 
;;Charly Doble 220g ;3; $ 44.100,00 
;;Charly Simple 110g;1; $ 11.700,00 
;;CHOCOTORTA;1; $ 4.200,00 
;;Clasic Doble 220g;6; $ 84.600,00 
;;Clasic Simple 110g ;7; $ 77.700,00 
;;Clasic Triple 330g;2; $ 34.800,00 
;;Coca Cola 1.5 Lts;7; $ 30.100,00 
;;Coca Cola Zero 1.5 Lts;1; $ 4.300,00 
;;dip de cheddar;; $ 2.800,00 
;;ENVIO;; $ 42.900,00 
;;franui Chocolate con leche + chocolate blanco;1; $ 9.000,00 
;;Freestyle;3; $ 64.800,00 
;;Fried Onion Doble 220g;2; $ 31.600,00 
;;Fried Onion Simple 110g ;1; $ 12.800,00 
;;Gorillaz Doble;1; $ 16.800,00 
;;HC doble;2; $ 34.400,00 
;;HIP HOP;1; $ 23.100,00 
;;KISS DOBLE;2; $ 31.800,00 
;;KISS SIMPLE;2; $ 25.800,00 
;;LATA Coca-Cola 357cc;2; $ 5.000,00 
;;LATON HEINEKEN;5; $ 25.000,00 
;;Levite de Manzana 1.5 lts;1; $ 2.800,00 
;;Levite de POMELO 1,5 L;1; $ 2.800,00 
;;Mala Fama Doble 220g;6; $ 103.200,00 
;;Mala Fama Simple 110g ;1; $ 14.200,00 
;;Mala Fama Triple 330g ;2; $ 41.000,00 
;;NUGGETS X12 + PAPAS + BBQ;1; $ 9.000,00 
;;Nugget's X6 ;; $ 9.600,00 
;;Papas con Cheddar;; $ 7.200,00 
;;Papas Queen ;; $ 6.400,00 
;;PATRICIO REY SIMPLE;1; $ 13.500,00 
;;PROMO 1 -- 4 X Classic simple;6; $ 162.600,00 
;;PROMO 2-- 2 x Charly doble ;8; $ 189.600,00 
;;Red Hot Simple 110g ;2; $ 25.600,00 
;;RESIDENTE DOBLE;3; $ 51.600,00 
;;RESIDENTE SIMPLE;1; $ 14.200,00 
;;Rolling Stone Doble 220g;1; $ 15.300,00 
;;Duko Doble;4; $ 64.400,00 
;;NIRVANA  ;3; $ 45.000,00 
;;NIRVANA 2;1; $ 15.000,00 
;;Porcion Extra de Papas Medianas;; $ 2.200,00 
25/2/2026;391678;Aros de Cebolla 6 unid.;; $ 3.600,00 
;;Beatle Doble 220g ;1; $ 15.600,00 
;;cambio x dip cheddar;; $ 900,00 
;;CHOCOTORTA;2; $ 8.400,00 
;;Clasic Simple 110g ;3; $ 33.300,00 
;;ENVIO;; $ 9.100,00 
;;Freestyle;2; $ 43.200,00 
;;MADONNA veggie;1; $ 12.300,00 
;;Mala Fama Doble 220g;1; $ 17.200,00 
;;NUGGETS X12 + PAPAS + BBQ;3; $ 27.000,00 
;;Papas con Cheddar;; $ 4.800,00 
;;Papas Queen ;; $ 3.200,00 
;;PROMO 1 -- 4 X Classic simple;1; $ 27.100,00 
;;Duko Simple;1; $ 13.100,00 
;;NIRVANA 2;2; $ 30.000,00 
;;Porcion Extra de Papas Medianas;; $ 4.400,00 
;;CHEESCAKE DE FRUTILLA ;2; $ 8.400,00 
;391679;2 tostados AMERICANOS;1; $ 9.500,00 
;;ACDC Doble;1; $ 16.200,00 
;;ACDC Simple ;1; $ 13.200,00 
;;Agua 500cc;1; $ 2.100,00 
;;Aros de Cebolla 6 unid.;; $ 3.600,00 
;;Beatle Doble 220g ;1; $ 15.600,00 
;;Beatle Simple 110g ;2; $ 25.200,00 
;;cambio x dip cheddar;; $ 1.800,00 
;;Cerveza Andes IPA;1; $ 3.000,00 
;;Charly Doble 220g ;1; $ 14.700,00 
;;Charly Simple 110g;2; $ 23.400,00 
;;Clasic Doble 220g;6; $ 84.600,00 
;;Clasic Simple 110g ;9; $ 99.900,00 
;;Clasic Triple 330g;3; $ 52.200,00 
;;Coca Cola 1.5 Lts;5; $ 21.500,00 
;;Coca Cola Zero 1.5 Lts;1; $ 4.300,00 
;;dip de barbacoa;; $ 1.100,00 
;;dip de cheddar;; $ 2.800,00 
;;Eminem;3; $ 52.800,00 
;;ENVIO;; $ 50.700,00 
;;Gorillaz simple ;3; $ 41.400,00 
;;HC doble;8; $ 137.600,00 
;;KISS DOBLE;2; $ 31.800,00 
;;KISS SIMPLE;2; $ 25.800,00 
;;LATA Coca-Cola 357cc;3; $ 7.500,00 
;;LATON HEINEKEN;1; $ 5.000,00 
;;MADONNA veggie;3; $ 36.900,00 
;;Mala Fama Doble 220g;1; $ 17.200,00 
;;Mala Fama Simple 110g ;5; $ 71.000,00 
;;MESA;;
;;NUGGETS X12 + PAPAS + BBQ;8; $ 72.000,00 
;;Nugget's X6 ;; $ 28.800,00 
;;Papas con Cheddar;1; $ 23.100,00 
;;PAPAS QUEEN;1; $ 8.800,00 
;;Papas Queen ;; $ 12.800,00 
;;PATRICIO REY SIMPLE;1; $ 13.500,00 
;;PROMO 1 -- 4 X Classic simple;3; $ 81.300,00 
;;PROMO 2-- 2 x Charly doble ;4; $ 94.800,00 
;;RESIDENTE DOBLE;1; $ 17.200,00 
;;RESIDENTE SIMPLE;2; $ 28.400,00 
;;RIHANNA ;3; $ 31.500,00 
;;Rolling Stone Doble 220g;4; $ 61.200,00 
;;Rolling Stone Simple 110g ;1; $ 12.300,00 
;;STELLA ARTOIS 464ml;1; $ 3.700,00 
;;Duko Simple;5; $ 65.500,00 
;;Duko Doble;3; $ 48.300,00 
;;Beatle Triple ;1; $ 18.900,00 
;;John Lennon Mediana;3; $ 48.000,00 
;;John Lennon XL;1; $ 22.000,00 
;;Michael Jackson Mediana;1; $ 18.000,00 
;;Michael Jackson XL;1; $ 24.000,00 
;;Creedence Mediana ;2; $ 42.000,00 
;;6 empanadas;1; $ 13.000,00 
;;12 empanadas;1; $ 25.000,00 
;;3 empanadas;1; $ 7.000,00 
26/2/2026;391680;ACDC Doble;1; $ 16.200,00 
;;Agua 500cc;1; $ 2.100,00 
;;cambio x dip cheddar;; $ 900,00 
;;Charly Doble 220g ;1; $ 14.700,00 
;;Clasic Doble 220g;3; $ 42.300,00 
;;Clasic Simple 110g ;2; $ 22.200,00 
;;Clasic Triple 330g;1; $ 17.400,00 
;;COCA 500 ml;1; $ 2.400,00 
;;Coca Cola 1.5 Lts;1; $ 4.300,00 
;;dip de cheddar;; $ 2.800,00 
;;ENVIO;; $ 10.400,00 
;;HC doble;2; $ 34.400,00 
;;LATA Coca-Cola 357cc;1; $ 2.500,00 
;;LEVITE 500ml;1; $ 2.100,00 
;;Mala Fama Doble 220g;2; $ 34.400,00 
;;Mala Fama Simple 110g ;1; $ 14.200,00 
;;Mala Fama Triple 330g ;1; $ 20.500,00 
;;MESA;;
;;NUGGETS X12 + PAPAS + BBQ;2; $ 18.000,00 
;;Nugget's X6 ;; $ 3.200,00 
;;Papas con Cheddar;1; $ 11.100,00 
;;PROMO 2-- 2 x Charly doble ;2; $ 47.400,00 
;;RESIDENTE SIMPLE;1; $ 14.200,00 
;;RIHANNA ;1; $ 10.500,00 
;;Rolling Stone Doble 220g;1; $ 15.300,00 
;;Duko Simple;1; $ 13.100,00 
;;Duko Doble;1; $ 16.100,00 
;391681;2 tostados AMERICANOS;1; $ 9.500,00 
;;ACDC Doble;4; $ 64.800,00 
;;ACDC Triple;1; $ 19.500,00 
;;Alma Fuerte ;1; $ 13.500,00 
;;Aros de Cebolla 6 unid.;; $ 10.800,00 
;;AROS DE CEBOLLA X 12 + PAPAS + BBQ;1; $ 8.600,00 
;;Beatle Doble 220g ;6; $ 93.600,00 
;;Beatle Simple 110g ;1; $ 12.600,00 
;;BIZARRAP Session #1 ;1; $ 10.500,00 
;;BIZZARAP session #2;2; $ 21.000,00 
;;Cerveza Andes IPA;3; $ 9.000,00 
;;Charly Doble 220g ;3; $ 44.100,00 
;;Charly Simple 110g;3; $ 35.100,00 
;;Clasic Doble 220g;6; $ 84.600,00 
;;Clasic Simple 110g ;9; $ 99.900,00 
;;Clasic Triple 330g;2; $ 34.800,00 
;;Coca Cola 1.5 Lts;6; $ 25.800,00 
;;Coca Cola Zero 1.5 Lts;2; $ 8.600,00 
;;dip de cheddar;; $ 8.400,00 
;;Eminem;1; $ 17.600,00 
;;ENVIO;; $ 48.100,00 
;;franui Chocolate con leche + chocolate blanco;1; $ 9.000,00 
;;Freestyle;1; $ 21.600,00 
;;Gorillaz Doble;1; $ 16.800,00 
;;Gorillaz Triple;1; $ 20.100,00 
;;HC doble;4; $ 68.800,00 
;;Heineken 464ml;3; $ 11.100,00 
;;HIP HOP;1; $ 23.100,00 
;;KISS DOBLE;1; $ 15.900,00 
;;KISS SIMPLE;1; $ 12.900,00 
;;LADY GAGA;1; $ 10.500,00 
;;LATA SPRITE ;1; $ 2.500,00 
;;LEVITE 500ml;1; $ 2.100,00 
;;Mala Fama Doble 220g;4; $ 68.800,00 
;;Mala Fama Triple 330g ;2; $ 41.000,00 
;;NUGGETS X12 + PAPAS + BBQ;5; $ 45.000,00 
;;Nugget's X6 ;; $ 12.800,00 
;;Papas con Cheddar;2; $ 24.600,00 
;;Papas Mercury;2; $ 24.400,00 
;;PAPAS QUEEN;3; $ 26.400,00 
;;Papas Queen ;; $ 9.600,00 
;;PROMO 1 -- 4 X Classic simple;8; $ 216.800,00 
;;PROMO 2-- 2 x Charly doble ;8; $ 189.600,00 
;;Red Hot DOBLE;3; $ 47.400,00 
;;RESIDENTE DOBLE;1; $ 17.200,00 
;;RESIDENTE SIMPLE;1; $ 14.200,00 
;;RIHANNA ;2; $ 21.000,00 
;;Rolling Stone Simple 110g ;1; $ 12.300,00 
;;Sprite 1.5L;1; $ 4.300,00 
;;STELLA ARTOIS 464ml;2; $ 7.400,00 
;;Duko Simple;1; $ 13.100,00 
;;Duko Doble;4; $ 64.400,00 
;;NIRVANA  ;1; $ 15.000,00 
;;NIRVANA 2;2; $ 30.000,00 
;;Porcion Extra de Papas Medianas;; $ 2.200,00 
;;John Lennon Mediana;3; $ 48.000,00 
;;John Lennon XL;1; $ 22.000,00 
;;Pink Floyd Mediana;4; $ 76.000,00 
;;Michael Jackson XL;1; $ 24.000,00 
;;Pink Floyd XL;3; $ 75.000,00 
;;Creedence XL;1; $ 27.000,00 
;;Empanada de Carne;4; $ 10.000,00 
;;Empanada de Jamon y Queso;5; $ 12.500,00 
;;Elvis Presley MEDIANA;1; $ 27.000,00 
;;Freddie Mercury XL;1; $ 21.000,00 
27/2/2026;391682;ACDC Simple ;1; $ 13.200,00 
;;Agua 500cc;1; $ 2.100,00 
;;Aros de Cebolla 6 unid.;; $ 7.200,00 
;;Beatle Doble 220g ;1; $ 15.600,00 
;;Beatle Simple 110g ;1; $ 12.600,00 
;;BIZZARAP session #2;2; $ 21.000,00 
;;Bob marley Simple;1; $ 12.100,00 
;;Cerveza Andes Roja;1; $ 3.000,00 
;;Charly Doble 220g ;2; $ 29.400,00 
;;CHOCOTORTA;1; $ 4.200,00 
;;Clasic Simple 110g ;2; $ 22.200,00 
;;Clasic Triple 330g;2; $ 34.800,00 
;;Coca Cola 1.5 Lts;1; $ 4.300,00 
;;dip de cheddar;; $ 2.800,00 
;;ENVIO;; $ 11.700,00 
;;Gorillaz simple ;1; $ 13.800,00 
;;Heineken 464ml;1; $ 3.700,00 
;;HIP HOP;1; $ 23.100,00 
;;LATA Coca-Cola 357cc;1; $ 2.500,00 
;;LEVITE 500ml;2; $ 4.200,00 
;;Levite de Manzana 1.5 lts;1; $ 2.800,00 
;;MADONNA veggie;1; $ 12.300,00 
;;Mala Fama Doble 220g;1; $ 17.200,00 
;;MESA;;
;;Nugget's X6 ;; $ 3.200,00 
;;PAPAS QUEEN;1; $ 8.800,00 
;;Papas Queen ;; $ 9.600,00 
;;Red Hot DOBLE;1; $ 15.800,00 
;;RESIDENTE SIMPLE;2; $ 28.400,00 
;;Duko Doble;2; $ 32.200,00 
;;CHEESCAKE DE FRUTILLA ;1; $ 4.200,00 
;391683;ACDC Doble;9; $ 145.800,00 
;;ACDC Simple ;2; $ 26.400,00 
;;ACDC Triple;4; $ 78.000,00 
;;Agua 500cc;3; $ 6.300,00 
;;Aros de Cebolla 6 unid.;; $ 25.200,00 
;;Beatle Doble 220g ;8; $ 124.800,00 
;;Beatle Simple 110g ;3; $ 37.800,00 
;;BIZARRAP Session #1 ;1; $ 10.500,00 
;;BIZZARAP session #2;4; $ 42.000,00 
;;Bob marley Simple;1; $ 12.100,00 
;;cambio x dip cheddar;; $ 900,00 
;;CAMPARI;1; $ 7.000,00 
;;Charly Doble 220g ;11; $ 161.700,00 
;;Charly Simple 110g;8; $ 93.600,00 
;;CHOCOTORTA;1; $ 4.200,00 
;;Clasic Doble 220g;26; $ 366.600,00 
;;Clasic Simple 110g ;6; $ 66.600,00 
;;Clasic Triple 330g;8; $ 139.200,00 
;;COCA 500 ml;2; $ 4.800,00 
;;Coca Cola 1.5 Lts;8; $ 34.400,00 
;;Coca Cola Zero 1.5 Lts;1; $ 4.300,00 
;;dip de barbacoa;; $ 1.100,00 
;;dip de cheddar;; $ 11.200,00 
;;Eminem;2; $ 35.200,00 
;;ENVIO;; $ 111.800,00 
;;FERNET ;1; $ 7.000,00 
;;franui Chocolate con leche + chocolate blanco;1; $ 9.000,00 
;;Freestyle;7; $ 151.200,00 
;;Fried Onion Doble 220g;1; $ 15.800,00 
;;GIN TONIC;1; $ 7.500,00 
;;Gorillaz Doble;3; $ 50.400,00 
;;Gorillaz simple ;4; $ 55.200,00 
;;HC doble;5; $ 86.000,00 
;;HC simple;3; $ 42.600,00 
;;KISS DOBLE;4; $ 63.600,00 
;;KISS SIMPLE;2; $ 25.800,00 
;;LADY GAGA;1; $ 10.500,00 
;;LATA Coca-Cola 357cc;6; $ 15.000,00 
;;LATA SPRITE ;3; $ 7.500,00 
;;LATON HEINEKEN;6; $ 30.000,00 
;;LEVITE 500ml;2; $ 4.200,00 
;;Levite de POMELO 1,5 L;1; $ 2.800,00 
;;Mala Fama Doble 220g;8; $ 137.600,00 
;;Mala Fama Simple 110g ;3; $ 42.600,00 
;;Mala Fama Triple 330g ;2; $ 41.000,00 
;;MESA;;
;;NUGGETS X12 + PAPAS + BBQ;5; $ 45.000,00 
;;Nugget's X6 ;; $ 35.200,00 
;;Papas con Cheddar;3; $ 81.300,00 
;;Papas Mercury;1; $ 12.200,00 
;;PAPAS QUEEN;12; $ 105.600,00 
;;Papas Queen ;; $ 48.000,00 
;;PATRICIO REY DOBLE;1; $ 16.500,00 
;;PATRICIO REY SIMPLE;2; $ 27.000,00 
;;PROMO 1 -- 4 X Classic simple;17; $ 460.700,00 
;;PROMO 2-- 2 x Charly doble ;11; $ 260.700,00 
;;Red Hot DOBLE;8; $ 126.400,00 
;;Red Hot Simple 110g ;1; $ 12.800,00 
;;RESIDENTE DOBLE;2; $ 34.400,00 
;;RESIDENTE SIMPLE;2; $ 28.400,00 
;;RIHANNA ;2; $ 21.000,00 
;;Rolling Stone Doble 220g;1; $ 15.300,00 
;;Rolling Stone Simple 110g ;1; $ 12.300,00 
;;Sprite 1.5L;5; $ 21.500,00 
;;STELLA ARTOIS 464ml;2; $ 7.400,00 
;;TIRAMISU;2; $ 8.400,00 
;;Duko Simple;4; $ 52.400,00 
;;Duko Doble;11; $ 177.100,00 
;;Duko Triple 330g ;1; $ 19.400,00 
;;Beatle Triple ;1; $ 18.900,00 
;;Rolling Stone Triple;1; $ 18.600,00 
;;NIRVANA 2;1; $ 15.000,00 
;;Porcion Extra de Papas Medianas;; $ 11.000,00 
;;John Lennon Mediana;5; $ 80.000,00 
;;John Lennon XL;5; $ 110.000,00 
;;Pink Floyd Mediana;3; $ 57.000,00 
;;Pink Floyd XL;4; $ 100.000,00 
;;Creedence XL;2; $ 54.000,00 
;;Empanada de Carne;6; $ 15.000,00 
;;Empanada de Pollo;1; $ 2.500,00 
;;Elvis Presley XL;2; $ 68.000,00 
;;6 empanadas;5; $ 65.000,00 
;;12 empanadas;2; $ 50.000,00 
;;3 empanadas;2; $ 14.000,00 
;;EXTRA CHEDDAR ;; $ 1.500,00 
;;Freddie Mercury XL;1; $ 21.000,00 
28/2/2026;391684;ACDC Doble;1; $ 16.200,00 
;;Alma Fuerte ;1; $ 13.500,00 
;;Aros de Cebolla 6 unid.;; $ 3.600,00 
;;Beatle Doble 220g ;1; $ 15.600,00 
;;Beatle Simple 110g ;4; $ 50.400,00 
;;BIZARRAP Session #1 ;1; $ 10.500,00 
;;BIZZARAP session #2;1; $ 10.500,00 
;;cambio x dip cheddar;; $ 900,00 
;;Charly Doble 220g ;1; $ 14.700,00 
;;Clasic Doble 220g;1; $ 14.100,00 
;;Clasic Simple 110g ;3; $ 33.300,00 
;;Clasic Triple 330g;3; $ 52.200,00 
;;Coca Cola 1.5 Lts;1; $ 4.300,00 
;;Coca Cola Zero 1.5 Lts;1; $ 4.300,00 
;;ENVIO;; $ 9.100,00 
;;Gorillaz Doble;1; $ 16.800,00 
;;Gorillaz simple ;1; $ 13.800,00 
;;HC doble;2; $ 34.400,00 
;;Heineken 464ml;1; $ 3.700,00 
;;LADY GAGA;4; $ 42.000,00 
;;LATA Coca-Cola 357cc;2; $ 5.000,00 
;;Levite de POMELO 1,5 L;2; $ 5.600,00 
;;MESA;;
;;NUGGETS X12 + PAPAS + BBQ;2; $ 18.000,00 
;;Nugget's X6 ;; $ 3.200,00 
;;Papas con Cheddar;1; $ 8.700,00 
;;PROMO 2-- 2 x Charly doble ;1; $ 23.700,00 
;;Red Hot Simple 110g ;1; $ 12.800,00 
;;Red Hot Triple 330g ;1; $ 19.100,00 
;;RESIDENTE SIMPLE;1; $ 14.200,00 
;;RIHANNA ;6; $ 63.000,00 
;;STELLA ARTOIS 464ml;1; $ 3.700,00 
;;techno Chicken;1; $ 10.700,00 
;;Duko Simple;2; $ 26.200,00 
;;Duko Doble;1; $ 16.100,00 
;;NIRVANA  ;1; $ 15.000,00 
;391685;ACDC Doble;1; $ 16.200,00 
;;ACDC Simple ;1; $ 13.200,00 
;;ACDC Triple;1; $ 19.500,00 
;;Agua 500cc;1; $ 2.100,00 
;;Alma Fuerte ;1; $ 13.500,00 
;;AMERICANO + levite;1; $ 6.800,00 
;;Aros de Cebolla 6 unid.;; $ 10.800,00 
;;AROS DE CEBOLLA X 12 + PAPAS + BBQ;1; $ 8.600,00 
;;Beatle Doble 220g ;6; $ 93.600,00 
;;Beatle Simple 110g ;1; $ 12.600,00 
;;BIZARRAP Session #1 ;4; $ 42.000,00 
;;BIZZARAP session #2;1; $ 10.500,00 
;;Bob Marley Doble ;1; $ 15.100,00 
;;Bob marley Simple;2; $ 24.200,00 
;;Cerveza Andes IPA;4; $ 12.000,00 
;;Charly Doble 220g ;5; $ 73.500,00 
;;Charly Simple 110g;4; $ 46.800,00 
;;CHOCOTORTA;1; $ 4.200,00 
;;Clasic Doble 220g;21; $ 296.100,00 
;;Clasic Simple 110g ;15; $ 166.500,00 
;;Clasic Triple 330g;7; $ 121.800,00 
;;COCA 500 ml;2; $ 4.800,00 
;;Coca Cola 1.5 Lts;6; $ 25.800,00 
;;Coca Cola Zero 1.5 Lts;1; $ 4.300,00 
;;dip de barbacoa;; $ 1.100,00 
;;dip de cheddar;; $ 8.400,00 
;;Eminem;4; $ 70.400,00 
;;ENVIO;; $ 122.200,00 
;;FERNET ;2; $ 14.000,00 
;;franui Chocolate con leche + chocolate blanco;4; $ 36.000,00 
;;Freestyle;5; $ 108.000,00 
;;Fried Onion Doble 220g;4; $ 63.200,00 
;;Fried Onion Simple 110g ;1; $ 12.800,00 
;;Gorillaz Doble;2; $ 33.600,00 
;;Gorillaz simple ;1; $ 13.800,00 
;;HC doble;5; $ 86.000,00 
;;HC simple;2; $ 28.400,00 
;;HC TRIPLE;6; $ 123.000,00 
;;KIDS ROCK  (Ricosaurio x 4+ papas );2; $ 15.000,00 
;;KISS SIMPLE;5; $ 64.500,00 
;;LADY GAGA;1; $ 10.500,00 
;;LATA Coca-Cola 357cc;4; $ 10.000,00 
;;LATA SPRITE ;1; $ 2.500,00 
;;LEVITE 500ml;2; $ 4.200,00 
;;Levite de POMELO 1,5 L;1; $ 2.800,00 
;;Mala Fama Doble 220g;10; $ 172.000,00 
;;Mala Fama Simple 110g ;2; $ 28.400,00 
;;NUGGETS X12 + PAPAS + BBQ;5; $ 45.000,00 
;;Nugget's X6 ;; $ 41.600,00 
;;Papas con Cheddar;4; $ 54.000,00 
;;Papas Mercury;4; $ 48.800,00 
;;PAPAS QUEEN;5; $ 44.000,00 
;;Papas Queen ;; $ 35.200,00 
;;PATRICIO REY SIMPLE;2; $ 27.000,00 
;;PROMO 1 -- 4 X Classic simple;8; $ 216.800,00 
;;PROMO 2-- 2 x Charly doble ;17; $ 402.900,00 
;;Red Hot DOBLE;1; $ 15.800,00 
;;Red Hot Simple 110g ;3; $ 38.400,00 
;;Red Hot Triple 330g ;1; $ 19.100,00 
;;RESIDENTE DOBLE;4; $ 68.800,00 
;;RESIDENTE SIMPLE;3; $ 42.600,00 
;;RIHANNA ;3; $ 31.500,00 
;;Rolling Stone Doble 220g;1; $ 15.300,00 
;;Rolling Stone Simple 110g ;3; $ 36.900,00 
;;Sprite 1.5L;5; $ 21.500,00 
;;STELLA ARTOIS 464ml;1; $ 3.700,00 
;;Techno Chicken DOBLE ;2; $ 27.400,00 
;;TIRAMISU;4; $ 16.800,00 
;;Duko Simple;7; $ 91.700,00 
;;Duko Doble;8; $ 128.800,00 
;;Duko Triple 330g ;3; $ 58.200,00 
;;Rolling Stone Triple;1; $ 18.600,00 
;;NIRVANA  ;1; $ 15.000,00 
;;Porcion Extra de Papas Medianas;; $ 8.800,00 
;;John Lennon Mediana;2; $ 32.000,00 
;;John Lennon XL;4; $ 88.000,00 
;;Michael Jackson Mediana;5; $ 90.000,00 
;;Michael Jackson XL;2; $ 48.000,00 
;;Pink Floyd XL;5; $ 125.000,00 
;;Creedence XL;2; $ 54.000,00 
;;Empanada de Carne;7; $ 17.500,00 
;;Empanada de Pollo;3; $ 7.500,00 
;;Empanada de Jamon y Queso;7; $ 17.500,00 
;;Elvis Presley MEDIANA;2; $ 54.000,00 
;;6 empanadas;1; $ 13.000,00 
;;12 empanadas;1; $ 25.000,00 
;;3 empanadas;3; $ 21.000,00 
;;Freddie Mercury Mediana;1; $ 21.000,00 
;;CHEESCAKE DE FRUTILLA ;1; $ 4.200,00 
1/3/2026;391686;ACDC Doble;1; $ 16.200,00 
;;ACDC Simple ;3; $ 39.600,00 
;;Agua 500cc;5; $ 10.500,00 
;;Alma Fuerte ;2; $ 27.000,00 
;;Andes Rubia;1; $ 3.000,00 
;;Aros de Cebolla 6 unid.;; $ 3.600,00 
;;Beatle Doble 220g ;7; $ 109.200,00 
;;Beatle Simple 110g ;4; $ 50.400,00 
;;BIZARRAP Session #1 ;1; $ 10.500,00 
;;BIZZARAP session #2;5; $ 52.500,00 
;;Bob Marley Doble ;1; $ 15.100,00 
;;Bob marley Simple;2; $ 24.200,00 
;;cambio x dip cheddar;; $ 900,00 
;;Cerveza Andes IPA;1; $ 3.000,00 
;;Charly Doble 220g ;6; $ 88.200,00 
;;Charly Simple 110g;4; $ 46.800,00 
;;Clasic Doble 220g;22; $ 310.200,00 
;;Clasic Simple 110g ;10; $ 111.000,00 
;;COCA 500 ml;1; $ 2.400,00 
;;Coca Cola 1.5 Lts;14; $ 60.200,00 
;;dip de barbacoa;; $ 1.100,00 
;;dip de cheddar;; $ 22.400,00 
;;ENVIO;; $ 101.400,00 
;;Freestyle;7; $ 151.200,00 
;;Fried Onion Doble 220g;1; $ 15.800,00 
;;Fried Onion Simple 110g ;1; $ 12.800,00 
;;Gorillaz Doble;1; $ 16.800,00 
;;HC doble;4; $ 68.800,00 
;;HC simple;2; $ 28.400,00 
;;KISS DOBLE;4; $ 63.600,00 
;;KISS SIMPLE;2; $ 25.800,00 
;;LATA Coca-Cola 357cc;1; $ 2.500,00 
;;Levite de POMELO 1,5 L;3; $ 8.400,00 
;;Mala Fama Doble 220g;10; $ 172.000,00 
;;Mala Fama Simple 110g ;2; $ 28.400,00 
;;Mala Fama Triple 330g ;2; $ 41.000,00 
;;NUGGETS X12 + PAPAS + BBQ;7; $ 63.000,00 
;;Nugget's X6 ;; $ 28.800,00 
;;Papas con Cheddar;2; $ 51.000,00 
;;Papas Mercury;1; $ 12.200,00 
;;PAPAS QUEEN;1; $ 8.800,00 
;;Papas Queen ;; $ 54.400,00 
;;PATRICIO REY DOBLE;3; $ 49.500,00 
;;PROMO 1 -- 4 X Classic simple;5; $ 135.500,00 
;;PROMO 2-- 2 x Charly doble ;15; $ 355.500,00 
;;Red Hot DOBLE;1; $ 15.800,00 
;;Red Hot Simple 110g ;4; $ 51.200,00 
;;RESIDENTE DOBLE;7; $ 120.400,00 
;;RESIDENTE SIMPLE;2; $ 28.400,00 
;;Rolling Stone Doble 220g;1; $ 15.300,00 
;;Rolling Stone Simple 110g ;2; $ 24.600,00 
;;Sprite 1.5L;2; $ 8.600,00 
;;techno Chicken;1; $ 10.700,00 
;;Duko Simple;4; $ 52.400,00 
;;Duko Doble;14; $ 225.400,00 
;;Duko Triple 330g ;1; $ 19.400,00 
;;Rolling Stone Triple;1; $ 18.600,00 
;;Porcion Extra de Papas Medianas;; $ 11.000,00 
;;John Lennon Mediana;5; $ 80.000,00 
;;John Lennon XL;7; $ 154.000,00 
;;Pink Floyd Mediana;2; $ 38.000,00 
;;Michael Jackson XL;1; $ 24.000,00 
;;Pink Floyd XL;1; $ 25.000,00 
;;Creedence XL;2; $ 54.000,00 
;;Empanada de Carne;4; $ 10.000,00 
;;Empanada de Pollo;1; $ 2.500,00 
;;6 empanadas;1; $ 13.000,00 
;;12 empanadas;1; $ 25.000,00 
;;3 empanadas;1; $ 7.000,00 
;;Kiss Mediana;1; $ 18.000,00 
2/3/2026;392686;ACDC Doble;1; $ 16.200,00 
;;Agua 500cc;2; $ 4.200,00 
;;Andes Rubia;2; $ 6.000,00 
;;Beatle Doble 220g ;1; $ 15.600,00 
;;Beatle Simple 110g ;1; $ 12.600,00 
;;BIZZARAP session #2;1; $ 10.500,00 
;;Cerveza Andes Roja;1; $ 3.000,00 
;;Charly Doble 220g ;3; $ 44.100,00 
;;Charly Simple 110g;2; $ 23.400,00 
;;Clasic Doble 220g;10; $ 141.000,00 
;;Clasic Simple 110g ;9; $ 99.900,00 
;;Coca Cola 1.5 Lts;5; $ 21.500,00 
;;dip de barbacoa;; $ 4.400,00 
;;dip de cheddar;; $ 2.800,00 
;;Eminem;4; $ 70.400,00 
;;ENVIO;; $ 49.400,00 
;;Freestyle;1; $ 21.600,00 
;;Fried Onion Doble 220g;1; $ 15.800,00 
;;Fried Onion Simple 110g ;2; $ 25.600,00 
;;GIN TONIC;1; $ 7.500,00 
;;Gorillaz Doble;5; $ 84.000,00 
;;Gorillaz simple ;1; $ 13.800,00 
;;HC doble;2; $ 34.400,00 
;;HC simple;1; $ 14.200,00 
;;Heineken 464ml;2; $ 7.400,00 
;;KISS SIMPLE;1; $ 12.900,00 
;;LATA Coca-Cola 357cc;1; $ 2.500,00 
;;LATON HEINEKEN;2; $ 10.000,00 
;;LEVITE 500ml;1; $ 2.100,00 
;;Levite de Manzana 1.5 lts;1; $ 2.800,00 
;;Levite de POMELO 1,5 L;2; $ 5.600,00 
;;Mala Fama Simple 110g ;4; $ 56.800,00 
;;NUGGETS X12 + PAPAS + BBQ;1; $ 9.000,00 
;;Nugget's X6 ;; $ 32.000,00 
;;Papas con Cheddar;1; $ 13.500,00 
;;Papas Queen ;; $ 28.800,00 
;;PROMO 1 -- 4 X Classic simple;3; $ 81.300,00 
;;PROMO 2-- 2 x Charly doble ;9; $ 213.300,00 
;;Red Hot DOBLE;1; $ 15.800,00 
;;Red Hot Simple 110g ;3; $ 38.400,00 
;;Rolling Stone Doble 220g;3; $ 45.900,00 
;;STELLA ARTOIS 464ml;1; $ 3.700,00 
;;Duko Simple;4; $ 52.400,00 
;;Duko Doble;5; $ 80.500,00 
;;Beatle Triple ;1; $ 18.900,00 
;;NIRVANA  ;1; $ 15.000,00 
;;Porcion Extra de Papas Medianas;; $ 6.600,00 
;;John Lennon Mediana;1; $ 16.000,00 
;;Michael Jackson Mediana;2; $ 36.000,00 
;;Pink Floyd Mediana;1; $ 19.000,00 
;;Michael Jackson XL;1; $ 24.000,00 
;;Pink Floyd XL;1; $ 25.000,00 
;;Creedence Mediana ;1; $ 21.000,00 
;;Empanada de Carne;5; $ 12.500,00 
;;Empanada de Jamon y Queso;2; $ 5.000,00 
;;Elvis Presley XL;1; $ 34.000,00 
;;6 empanadas;1; $ 13.000,00 
;;3 empanadas;1; $ 7.000,00 
;;Kiss Mediana;1; $ 18.000,00 
3/3/2026;392687;ACDC Doble;2; $ 32.400,00 
;;AMERICANO + levite;1; $ 6.800,00 
;;Charly Doble 220g ;1; $ 14.700,00 
;;Clasic Triple 330g;1; $ 17.400,00 
;;Coca Cola 1.5 Lts;1; $ 4.300,00 
;;dip de cheddar;; $ 2.800,00 
;;ENVIO;; $ 11.700,00 
;;KIDS ROCK  (Ricosaurio x 4+ papas );1; $ 7.500,00 
;;LATA Coca-Cola 357cc;2; $ 5.000,00 
;;LEVITE 500ml;1; $ 2.100,00 
;;Nugget's X6 ;; $ 6.400,00 
;;Papas con Cheddar;; $ 2.400,00 
;;PROMO 1 -- 4 X Classic simple;2; $ 54.200,00 
;;PROMO 2-- 2 x Charly doble ;1; $ 23.700,00 
;;RIHANNA ;4; $ 42.000,00 
;;Duko Simple;1; $ 13.100,00 
;;NIRVANA  ;1; $ 15.000,00 
;;NIRVANA 2;1; $ 15.000,00 
;;Porcion Extra de Papas Medianas;; $ 2.200,00 
;392688;ACDC Doble;1; $ 16.200,00 
;;Aros de Cebolla 6 unid.;; $ 3.600,00 
;;Beatle Doble 220g ;1; $ 15.600,00 
;;Bob Marley Doble ;1; $ 15.100,00 
;;Charly Doble 220g ;5; $ 73.500,00 
;;Charly Simple 110g;7; $ 81.900,00 
;;Clasic Doble 220g;10; $ 141.000,00 
;;Clasic Simple 110g ;6; $ 66.600,00 
;;Clasic Triple 330g;2; $ 34.800,00 
;;Coca Cola 1.5 Lts;2; $ 8.600,00 
;;dip de cheddar;; $ 11.200,00 
;;ENVIO;; $ 31.200,00 
;;Freestyle;4; $ 86.400,00 
;;Fried Onion Doble 220g;2; $ 31.600,00 
;;Fried Onion Simple 110g ;1; $ 12.800,00 
;;Gorillaz Doble;1; $ 16.800,00 
;;HC simple;1; $ 14.200,00 
;;LATA Coca-Cola 357cc;3; $ 7.500,00 
;;LATON HEINEKEN;1; $ 5.000,00 
;;Levite de Manzana 1.5 lts;1; $ 2.800,00 
;;Levite de POMELO 1,5 L;1; $ 2.800,00 
;;Mala Fama Simple 110g ;1; $ 14.200,00 
;;Mala Fama Triple 330g ;1; $ 20.500,00 
;;NUGGETS X12 + PAPAS + BBQ;1; $ 9.000,00 
;;Nugget's X6 ;; $ 3.200,00 
;;Papas con Cheddar;1; $ 11.100,00 
;;PAPAS QUEEN;2; $ 17.600,00 
;;Papas Queen ;; $ 16.000,00 
;;PATRICIO REY SIMPLE;2; $ 27.000,00 
;;PROMO 1 -- 4 X Classic simple;3; $ 81.300,00 
;;PROMO 2-- 2 x Charly doble ;2; $ 47.400,00 
;;Red Hot DOBLE;2; $ 31.600,00 
;;Red Hot Simple 110g ;1; $ 12.800,00 
;;RESIDENTE DOBLE;1; $ 17.200,00 
;;RESIDENTE SIMPLE;1; $ 14.200,00 
;;Rolling Stone Doble 220g;2; $ 30.600,00 
;;Rolling Stone Simple 110g ;1; $ 12.300,00 
;;Sprite 1.5L;1; $ 4.300,00 
;;Techno Chicken DOBLE ;1; $ 13.700,00 
;;Duko Simple;1; $ 13.100,00 
;;Duko Doble;2; $ 32.200,00 
;;Porcion Extra de Papas Medianas;; $ 11.000,00 
4/3/2026;392689;2 tostados AMERICANOS;2; $ 19.000,00 
;;ACDC Doble;1; $ 16.200,00 
;;Agua 500cc;1; $ 2.100,00 
;;Alma Fuerte ;2; $ 27.000,00 
;;Clasic Doble 220g;5; $ 70.500,00 
;;Clasic Triple 330g;1; $ 17.400,00 
;;CLASICO + levite;1; $ 6.800,00 
;;COCA 500 ml;1; $ 2.400,00 
;;Coca Cola 1.5 Lts;2; $ 8.600,00 
;;ENVIO;; $ 11.700,00 
;;KISS DOBLE;1; $ 15.900,00 
;;KISS SIMPLE;1; $ 12.900,00 
;;LATA Coca-Cola 357cc;2; $ 5.000,00 
;;Levite de Manzana 1.5 lts;1; $ 2.800,00 
;;Levite de POMELO 1,5 L;1; $ 2.800,00 
;;MESA;;
;;NUGGETS X12 + PAPAS + BBQ;1; $ 9.000,00 
;;Papas con Cheddar;2; $ 17.400,00 
;;PAPAS QUEEN;1; $ 8.800,00 
;;PROMO 2-- 2 x Charly doble ;5; $ 118.500,00 
;;Duko Doble;2; $ 32.200,00 
;;CHEESECAKE OREO;1; $ 4.200,00 
;392690;2 tostados CLASSIC;1; $ 9.500,00 
;;ACDC Doble;7; $ 113.400,00 
;;Andes Rubia;2; $ 6.000,00 
;;Aros de Cebolla 6 unid.;; $ 10.800,00 
;;Beatle Doble 220g ;4; $ 62.400,00 
;;Beatle Simple 110g ;3; $ 37.800,00 
;;BIZZARAP session #2;2; $ 21.000,00 
;;Charly  Triple 330g;2; $ 36.000,00 
;;Charly Doble 220g ;5; $ 73.500,00 
;;Charly Simple 110g;4; $ 46.800,00 
;;Clasic Doble 220g;5; $ 70.500,00 
;;Clasic Simple 110g ;5; $ 55.500,00 
;;Clasic Triple 330g;2; $ 34.800,00 
;;Coca Cola 1.5 Lts;7; $ 30.100,00 
;;Coca Cola Zero 1.5 Lts;2; $ 8.600,00 
;;ENVIO;; $ 54.600,00 
;;franui Chocolate semiamargo + chocolate blanco;2; $ 18.000,00 
;;Freestyle;5; $ 108.000,00 
;;Gorillaz Doble;1; $ 16.800,00 
;;HC doble;10; $ 172.000,00 
;;HC simple;1; $ 14.200,00 
;;HC TRIPLE;1; $ 20.500,00 
;;Heineken 464ml;2; $ 7.400,00 
;;KISS DOBLE;2; $ 31.800,00 
;;LATA Coca-Cola 357cc;1; $ 2.500,00 
;;MADONNA veggie DOBLE;3; $ 45.900,00 
;;Mala Fama Doble 220g;8; $ 137.600,00 
;;Mala Fama Simple 110g ;3; $ 42.600,00 
;;Mala Fama Triple 330g ;1; $ 20.500,00 
;;NUGGETS X12 + PAPAS + BBQ;5; $ 45.000,00 
;;Nugget's X6 ;; $ 12.800,00 
;;Papas con Cheddar;4; $ 44.400,00 
;;PAPAS QUEEN;1; $ 8.800,00 
;;Papas Queen ;; $ 19.200,00 
;;PROMO 1 -- 4 X Classic simple;5; $ 135.500,00 
;;PROMO 2-- 2 x Charly doble ;5; $ 118.500,00 
;;Red Hot DOBLE;2; $ 31.600,00 
;;Red Hot Simple 110g ;1; $ 12.800,00 
;;RIHANNA ;1; $ 10.500,00 
;;Rolling Stone Simple 110g ;1; $ 12.300,00 
;;techno Chicken;2; $ 21.400,00 
;;Duko Simple;2; $ 26.200,00 
;;Duko Doble;6; $ 96.600,00 
;;Duko Triple 330g ;1; $ 19.400,00 
;;Rolling Stone Triple;1; $ 18.600,00 
;;CHEESECAKE OREO;3; $ 12.600,00 
;;Porcion Extra de Papas Medianas;; $ 11.000,00 
;;John Lennon Mediana;1; $ 16.000,00 
;;Michael Jackson Mediana;2; $ 36.000,00 
;;Pink Floyd Mediana;1; $ 19.000,00 
;;Pink Floyd XL;1; $ 25.000,00 
;;Empanada de Carne;1; $ 2.500,00 
;;6 empanadas;3; $ 39.000,00 
;;12 empanadas;1; $ 25.000,00 
5/3/2026;392691;ACDC Doble;1; $ 16.200,00 
;;Agua 500cc;1; $ 2.100,00 
;;Beatle Doble 220g ;1; $ 15.600,00 
;;Charly Doble 220g ;2; $ 29.400,00 
;;Clasic Doble 220g;2; $ 28.200,00 
;;CLASICO + levite;2; $ 13.600,00 
;;COCA 500 ml;1; $ 2.400,00 
;;Coca Cola Zero 1.5 Lts;1; $ 4.300,00 
;;ENVIO;; $ 10.400,00 
;;HC doble;1; $ 17.200,00 
;;LADY GAGA;1; $ 10.500,00 
;;LATA Coca-Cola 357cc;1; $ 2.500,00 
;;LEVITE 500ml;1; $ 2.100,00 
;;Mala Fama Simple 110g ;1; $ 14.200,00 
;;MESA;;
;;NUGGETS X12 + PAPAS + BBQ;1; $ 9.000,00 
;;Papas con Cheddar;1; $ 8.700,00 
;;PROMO 2-- 2 x Charly doble ;2; $ 47.400,00 
;;Red Hot DOBLE;5; $ 79.000,00 
;;RIHANNA ;1; $ 10.500,00 
;;Sprite 1.5L;1; $ 4.300,00 
;;Duko Doble;1; $ 16.100,00 
;;Duko Triple 330g ;3; $ 58.200,00 
;393689;2 tostados CLASSIC;1; $ 9.500,00 
;;ACDC Doble;6; $ 97.200,00 
;;ACDC Simple ;1; $ 13.200,00 
;;Agua 500cc;2; $ 4.200,00 
;;Alma Fuerte ;1; $ 13.500,00 
;;Andes Rubia;6; $ 18.000,00 
;;Aros de Cebolla 6 unid.;; $ 10.800,00 
;;AROS DE CEBOLLA X 12 + PAPAS + BBQ;1; $ 8.600,00 
;;Beatle Doble 220g ;7; $ 109.200,00 
;;Beatle Simple 110g ;1; $ 12.600,00 
;;BIZARRAP Session #1 ;2; $ 21.000,00 
;;BIZZARAP session #2;1; $ 10.500,00 
;;Bob Marley Doble ;1; $ 15.100,00 
;;Cerveza Andes IPA;6; $ 18.000,00 
;;Charly  Triple 330g;2; $ 36.000,00 
;;Charly Doble 220g ;6; $ 88.200,00 
;;Charly Simple 110g;1; $ 11.700,00 
;;CHOCOTORTA;2; $ 8.400,00 
;;Clasic Doble 220g;9; $ 126.900,00 
;;Clasic Simple 110g ;12; $ 133.200,00 
;;COCA 500 ml;1; $ 2.400,00 
;;Coca Cola 1.5 Lts;9; $ 38.700,00 
;;Coca Cola Zero 1.5 Lts;1; $ 4.300,00 
;;dip de cheddar;; $ 8.400,00 
;;ENVIO;; $ 55.900,00 
;;franui Chocolate semiamargo + chocolate blanco;1; $ 9.000,00 
;;Freestyle;1; $ 21.600,00 
;;Gorillaz Doble;2; $ 33.600,00 
;;Gorillaz simple ;2; $ 27.600,00 
;;HC doble;3; $ 51.600,00 
;;Heineken 464ml;1; $ 3.700,00 
;;HIP HOP;1; $ 23.100,00 
;;KISS SIMPLE;1; $ 12.900,00 
;;LADY GAGA;2; $ 21.000,00 
;;LATA Coca-Cola 357cc;1; $ 2.500,00 
;;LATON HEINEKEN;1; $ 5.000,00 
;;Mala Fama Doble 220g;1; $ 17.200,00 
;;Mala Fama Simple 110g ;3; $ 42.600,00 
;;Mala Fama Triple 330g ;1; $ 20.500,00 
;;NUGGETS X12 + PAPAS + BBQ;2; $ 18.000,00 
;;Nugget's X6 ;; $ 19.200,00 
;;Papas con Cheddar;3; $ 30.900,00 
;;Papas Mercury;1; $ 12.200,00 
;;PAPAS QUEEN;4; $ 35.200,00 
;;Papas Queen ;; $ 19.200,00 
;;PATRICIO REY DOBLE;3; $ 49.500,00 
;;PATRICIO REY SIMPLE;1; $ 13.500,00 
;;PROMO 1 -- 4 X Classic simple;5; $ 135.500,00 
;;PROMO 2-- 2 x Charly doble ;8; $ 189.600,00 
;;Red Hot DOBLE;1; $ 15.800,00 
;;Red Hot Simple 110g ;2; $ 25.600,00 
;;Red Hot Triple 330g ;1; $ 19.100,00 
;;RESIDENTE DOBLE;3; $ 51.600,00 
;;RESIDENTE SIMPLE;1; $ 14.200,00 
;;RIHANNA ;4; $ 42.000,00 
;;Sprite 1.5L;2; $ 8.600,00 
;;STELLA ARTOIS 464ml;1; $ 3.700,00 
;;Techno Chicken DOBLE ;1; $ 13.700,00 
;;Duko Simple;3; $ 39.300,00 
;;Duko Doble;3; $ 48.300,00 
;;Rolling Stone Triple;2; $ 37.200,00 
;;Porcion Extra de Papas Medianas;; $ 4.400,00 
;;John Lennon Mediana;3; $ 48.000,00 
;;Michael Jackson Mediana;2; $ 36.000,00 
;;Pink Floyd Mediana;1; $ 19.000,00 
;;Michael Jackson XL;1; $ 24.000,00 
;;Empanada de Carne;1; $ 2.500,00 
;;Empanada de Jamon y Queso;4; $ 10.000,00 
;;6 empanadas;2; $ 26.000,00 
;;12 empanadas;2; $ 50.000,00 
;;empanada cebolla y queso;2; $ 5.000,00 
;;empanada de verdura;2; $ 5.000,00 
6/3/2026;393690;ACDC Doble;1; $ 16.200,00 
;;Beatle Doble 220g ;3; $ 46.800,00 
;;Bob marley Simple;1; $ 12.100,00 
;;Charly Doble 220g ;1; $ 14.700,00 
;;Clasic Doble 220g;3; $ 42.300,00 
;;Clasic Simple 110g ;1; $ 11.100,00 
;;Clasic Triple 330g;2; $ 34.800,00 
;;Coca Cola Zero 1.5 Lts;1; $ 4.300,00 
;;ENVIO;; $ 15.600,00 
;;LATA Coca-Cola 357cc;1; $ 2.500,00 
;;Mala Fama Doble 220g;2; $ 34.400,00 
;;Papas con Cheddar;; $ 2.400,00 
;;PROMO 2-- 2 x Charly doble ;3; $ 71.100,00 
;;Red Hot Simple 110g ;1; $ 12.800,00 
;;Rolling Stone Doble 220g;1; $ 15.300,00 
;;Sprite 1.5L;1; $ 4.300,00 
;;Duko Simple;2; $ 26.200,00 
;;Duko Doble;2; $ 32.200,00 
;393691;2 tostados AMERICANOS;1; $ 9.500,00 
;;ACDC Doble;8; $ 129.600,00 
;;ACDC Simple ;6; $ 79.200,00 
;;ACDC Triple;1; $ 19.500,00 
;;Agua 500cc;2; $ 4.200,00 
;;Alma Fuerte ;2; $ 27.000,00 
;;Aros de Cebolla 6 unid.;; $ 21.600,00 
;;AROS DE CEBOLLA X 12 + PAPAS + BBQ;2; $ 17.200,00 
;;Beatle Doble 220g ;4; $ 62.400,00 
;;Beatle Simple 110g ;4; $ 50.400,00 
;;BIZZARAP session #2;2; $ 21.000,00 
;;Bob Marley Doble ;1; $ 15.100,00 
;;CAMPARI;1; $ 7.000,00 
;;Cerveza Andes IPA;2; $ 6.000,00 
;;Cerveza Andes Roja;1; $ 3.000,00 
;;Charly  Triple 330g;1; $ 18.000,00 
;;Charly Doble 220g ;12; $ 176.400,00 
;;Charly Simple 110g;6; $ 70.200,00 
;;CHOCOTORTA;1; $ 4.500,00 
;;Clasic Doble 220g;18; $ 253.800,00 
;;Clasic Simple 110g ;12; $ 133.200,00 
;;Clasic Triple 330g;5; $ 87.000,00 
;;COCA 500 ml;1; $ 2.400,00 
;;Coca Cola 1.5 Lts;12; $ 51.600,00 
;;Coca Cola Zero 1.5 Lts;3; $ 12.900,00 
;;dip de barbacoa;; $ 1.100,00 
;;dip de cheddar;; $ 19.600,00 
;;ENVIO;; $ 105.300,00 
;;franui Chocolate con leche + chocolate blanco;1; $ 9.000,00 
;;franui Chocolate semiamargo + chocolate blanco;3; $ 27.000,00 
;;Freestyle;4; $ 86.400,00 
;;Gorillaz Doble;5; $ 84.000,00 
;;Gorillaz simple ;1; $ 13.800,00 
;;Gorillaz Triple;3; $ 60.300,00 
;;HC doble;4; $ 68.800,00 
;;HC simple;2; $ 28.400,00 
;;HC TRIPLE;2; $ 41.000,00 
;;Heineken 464ml;2; $ 7.400,00 
;;HIP HOP;2; $ 46.200,00 
;;KIDS ROCK  (Ricosaurio x 4+ papas );1; $ 7.500,00 
;;KISS SIMPLE;1; $ 12.900,00 
;;LADY GAGA;1; $ 10.500,00 
;;LATA Coca-Cola 357cc;7; $ 17.500,00 
;;LATON HEINEKEN;10; $ 50.000,00 
;;LEVITE 500ml;1; $ 2.100,00 
;;Levite de Manzana 1.5 lts;1; $ 2.800,00 
;;Levite de POMELO 1,5 L;2; $ 5.600,00 
;;MADONNA veggie;1; $ 12.300,00 
;;Mala Fama Doble 220g;14; $ 240.800,00 
;;Mala Fama Simple 110g ;6; $ 85.200,00 
;;Mala Fama Triple 330g ;4; $ 82.000,00 
;;NUGGETS X12 + PAPAS + BBQ;8; $ 72.000,00 
;;Nugget's X6 ;; $ 64.000,00 
;;Papas con Cheddar;1; $ 32.700,00 
;;Papas Mercury;2; $ 24.400,00 
;;PAPAS QUEEN;6; $ 52.800,00 
;;Papas Queen ;; $ 67.200,00 
;;PATRICIO REY DOBLE;1; $ 16.500,00 
;;PROMO 1 -- 4 X Classic simple;10; $ 271.000,00 
;;PROMO 2-- 2 x Charly doble ;18; $ 426.600,00 
;;Red Hot DOBLE;2; $ 31.600,00 
;;Red Hot Simple 110g ;1; $ 12.800,00 
;;Red Hot Triple 330g ;1; $ 19.100,00 
;;RESIDENTE DOBLE;7; $ 120.400,00 
;;RESIDENTE SIMPLE;2; $ 28.400,00 
;;RIHANNA ;2; $ 21.000,00 
;;Rolling Stone Doble 220g;2; $ 30.600,00 
;;Rolling Stone Simple 110g ;1; $ 12.300,00 
;;Sprite 1.5L;3; $ 12.900,00 
;;Techno Chicken DOBLE ;3; $ 41.100,00 
;;TIRAMISU;3; $ 13.500,00 
;;Duko Simple;2; $ 26.200,00 
;;Duko Doble;11; $ 177.100,00 
;;Duko Triple 330g ;4; $ 77.600,00 
;;Rolling Stone Triple;1; $ 18.600,00 
;;Porcion de Faina;; $ 3.000,00 
;;NIRVANA 2;3; $ 45.000,00 
;;Porcion Extra de Papas Medianas;; $ 8.800,00 
;; doble --CLASSIC-- NOCHE HAMBURGUESERÍA;145; $ 1.015.000,00 
;; simple --CLASSIC-- NOCHE HAMBURGUESERIA;15; $ 90.000,00 
;;John Lennon Mediana;4; $ 64.000,00 
;;John Lennon XL;5; $ 110.000,00 
;;Pink Floyd Mediana;3; $ 57.000,00 
;;Pink Floyd XL;3; $ 75.000,00 
;;Creedence XL;2; $ 54.000,00 
;;Empanada de Carne;8; $ 20.000,00 
;;Empanada de Pollo;3; $ 7.500,00 
;;Empanada de Jamon y Queso;3; $ 7.500,00 
;;Elvis Presley MEDIANA;1; $ 27.000,00 
;;Elvis Presley XL;1; $ 34.000,00 
;;6 empanadas;5; $ 65.000,00 
;;12 empanadas;1; $ 25.000,00 
;;3 empanadas;1; $ 7.000,00 
;;Led Zeppelin Mediana;1; $ 21.000,00 
;;Kiss Mediana;1; $ 18.000,00 
;;Johnny Rivers XL;1; $ 25.000,00 
7/3/2026;393692;ACDC Doble;1; $ 16.200,00 
;;Alma Fuerte ;1; $ 13.500,00 
;;Aros de Cebolla 6 unid.;; $ 10.800,00 
;;BIZARRAP Session #1 ;1; $ 10.500,00 
;;BIZZARAP session #2;2; $ 21.000,00 
;;Charly Doble 220g ;1; $ 14.700,00 
;;Clasic Simple 110g ;3; $ 33.300,00 
;;dip de cheddar;; $ 2.800,00 
;;Eminem;2; $ 35.200,00 
;;ENVIO;; $ 7.800,00 
;;Fried Onion Doble 220g;1; $ 15.800,00 
;;HC simple;1; $ 14.200,00 
;;MESA;;
;;Papas con Cheddar;; $ 9.600,00 
;;PAPAS QUEEN;1; $ 8.800,00 
;;Papas Queen ;; $ 3.200,00 
;;PATRICIO REY SIMPLE;1; $ 13.500,00 
;;PROMO 1 -- 4 X Classic simple;3; $ 81.300,00 
;;PROMO 2-- 2 x Charly doble ;1; $ 23.700,00 
;;Red Hot DOBLE;1; $ 15.800,00 
;;RESIDENTE DOBLE;1; $ 17.200,00 
;;RESIDENTE SIMPLE;1; $ 14.200,00 
;;Beatle Triple ;1; $ 18.900,00 
;;NIRVANA  ;2; $ 30.000,00 
;393693;ACDC Doble;3; $ 48.600,00 
;;ACDC Simple ;4; $ 52.800,00 
;;ACDC Triple;3; $ 58.500,00 
;;Alma Fuerte ;2; $ 27.000,00 
;;Andes Rubia;1; $ 3.000,00 
;;Aros de Cebolla 6 unid.;; $ 7.200,00 
;;AROS DE CEBOLLA X 12 + PAPAS + BBQ;1; $ 8.600,00 
;;Beatle Doble 220g ;1; $ 15.600,00 
;;Beatle Simple 110g ;8; $ 100.800,00 
;;BIZARRAP Session #1 ;1; $ 10.500,00 
;;BIZZARAP session #2;4; $ 42.000,00 
;;Bob marley Simple;1; $ 12.100,00 
;;cambio x dip cheddar;; $ 2.700,00 
;;Cerveza Andes Roja;3; $ 9.000,00 
;;Charly  Triple 330g;1; $ 18.000,00 
;;Charly Doble 220g ;3; $ 44.100,00 
;;Charly Simple 110g;1; $ 11.700,00 
;;CHOCOTORTA;4; $ 18.000,00 
;;Clasic Doble 220g;30; $ 423.000,00 
;;Clasic Simple 110g ;14; $ 155.400,00 
;;Clasic Triple 330g;5; $ 87.000,00 
;;COCA 500 ml;1; $ 2.400,00 
;;Coca Cola 1.5 Lts;16; $ 68.800,00 
;;Coca Cola Zero 1.5 Lts;2; $ 8.600,00 
;;dip de cheddar;; $ 16.800,00 
;;Eminem;1; $ 17.600,00 
;;ENVIO;; $ 130.000,00 
;;franui Chocolate con leche + chocolate blanco;1; $ 9.000,00 
;;Freestyle;6; $ 129.600,00 
;;Fried Onion Doble 220g;1; $ 15.800,00 
;;Gorillaz Doble;2; $ 33.600,00 
;;Gorillaz simple ;1; $ 13.800,00 
;;HC doble;10; $ 172.000,00 
;;HC simple;2; $ 28.400,00 
;;Heineken 464ml;5; $ 18.500,00 
;;KISS DOBLE;1; $ 15.900,00 
;;KISS SIMPLE;2; $ 25.800,00 
;;kiss triple;1; $ 19.200,00 
;;LADY GAGA;4; $ 42.000,00 
;;LATA Coca-Cola 357cc;11; $ 27.500,00 
;;LATON HEINEKEN;6; $ 30.000,00 
;;Levite de POMELO 1,5 L;2; $ 5.600,00 
;;MADONNA veggie;3; $ 36.900,00 
;;MADONNA veggie DOBLE;1; $ 15.300,00 
;;Mala Fama Doble 220g;16; $ 275.200,00 
;;Mala Fama Simple 110g ;6; $ 85.200,00 
;;Mala Fama Triple 330g ;3; $ 61.500,00 
;;NUGGETS X12 + PAPAS + BBQ;10; $ 90.000,00 
;;Nugget's X6 ;; $ 48.000,00 
;;Papas con Cheddar;2; $ 51.000,00 
;;Papas Mercury;1; $ 12.200,00 
;;PAPAS QUEEN;6; $ 52.800,00 
;;Papas Queen ;; $ 67.200,00 
;;PATRICIO REY DOBLE;1; $ 16.500,00 
;;PROMO 1 -- 4 X Classic simple;5; $ 135.500,00 
;;PROMO 2-- 2 x Charly doble ;20; $ 474.000,00 
;;Red Hot DOBLE;6; $ 94.800,00 
;;Red Hot Simple 110g ;1; $ 12.800,00 
;;RESIDENTE DOBLE;9; $ 154.800,00 
;;RESIDENTE SIMPLE;8; $ 113.600,00 
;;RIHANNA ;3; $ 31.500,00 
;;Rolling Stone Doble 220g;5; $ 76.500,00 
;;Rolling Stone Simple 110g ;1; $ 12.300,00 
;;Sprite 1.5L;1; $ 4.300,00 
;;STELLA ARTOIS 464ml;1; $ 3.700,00 
;;techno Chicken;1; $ 10.700,00 
;;TIRAMISU;1; $ 4.500,00 
;;Duko Simple;5; $ 65.500,00 
;;Duko Doble;16; $ 257.600,00 
;;Duko Triple 330g ;6; $ 116.400,00 
;;Beatle Triple ;1; $ 18.900,00 
;;Rolling Stone Triple;1; $ 18.600,00 
;;Porcion de Faina;; $ 16.500,00 
;;CHEESECAKE OREO;1; $ 4.500,00 
;;empanada caprece;2; $ 5.000,00 
;;NIRVANA 2;4; $ 60.000,00 
;;Porcion Extra de Papas Medianas;; $ 6.600,00 
;; doble --CLASSIC-- NOCHE HAMBURGUESERÍA;23; $ 161.000,00 
;; simple --CLASSIC-- NOCHE HAMBURGUESERIA;2; $ 12.000,00 
;;John Lennon Mediana;3; $ 48.000,00 
;;John Lennon XL;4; $ 88.000,00 
;;Michael Jackson Mediana;3; $ 54.000,00 
;;Pink Floyd Mediana;4; $ 76.000,00 
;;Michael Jackson XL;1; $ 24.000,00 
;;Pink Floyd XL;4; $ 100.000,00 
;;Creedence XL;1; $ 27.000,00 
;;Creedence Mediana ;1; $ 21.000,00 
;;Empanada de Carne;5; $ 12.500,00 
;;Empanada de Pollo;2; $ 5.000,00 
;;Empanada de Jamon y Queso;3; $ 7.500,00 
;;6 empanadas;1; $ 13.000,00 
;;12 empanadas;1; $ 25.000,00 
;;3 empanadas;4; $ 28.000,00 
;;EXTRA CHEDDAR ;; $ 6.000,00 
;;Kiss Mediana;1; $ 18.000,00 
;;Led Zeppelin XL;1; $ 29.000,00 
;;ENVIO 2500;; $ 2.500,00 
;;Johnny Rivers MEDIANA;1; $ 19.000,00 
8/3/2026;393694;2 tostados CLASSIC;1; $ 9.500,00 
;;ACDC Doble;3; $ 48.600,00 
;;ACDC Simple ;2; $ 26.400,00 
;;ACDC Triple;1; $ 19.500,00 
;;Agua 500cc;1; $ 2.100,00 
;;Alma Fuerte ;1; $ 13.500,00 
;;Andes Rubia;2; $ 6.000,00 
;;Aros de Cebolla 6 unid.;; $ 18.000,00 
;;AROS DE CEBOLLA X 12 + PAPAS + BBQ;1; $ 8.600,00 
;;Beatle Doble 220g ;2; $ 31.200,00 
;;Beatle Simple 110g ;2; $ 25.200,00 
;;BIZARRAP Session #1 ;1; $ 10.500,00 
;;BIZZARAP session #2;2; $ 21.000,00 
;;Bob Marley Doble ;1; $ 15.100,00 
;;Bob marley Simple;2; $ 24.200,00 
;;cambio x dip cheddar;; $ 3.600,00 
;;Cerveza Andes Roja;1; $ 3.000,00 
;;Charly  Triple 330g;1; $ 18.000,00 
;;Charly Doble 220g ;8; $ 117.600,00 
;;Charly Simple 110g;4; $ 46.800,00 
;;Clasic Doble 220g;15; $ 211.500,00 
;;Clasic Simple 110g ;15; $ 166.500,00 
;;Clasic Triple 330g;5; $ 87.000,00 
;;COCA 500 ml;1; $ 2.400,00 
;;Coca Cola 1.5 Lts;6; $ 25.800,00 
;;Coca Cola Zero 1.5 Lts;1; $ 4.300,00 
;;dip de barbacoa;; $ 1.100,00 
;;dip de cheddar;; $ 8.400,00 
;;ENVIO;; $ 105.300,00 
;;FERNET ;1; $ 7.000,00 
;;franui Chocolate con leche + chocolate blanco;2; $ 18.000,00 
;;Freestyle;2; $ 43.200,00 
;;Fried Onion Doble 220g;2; $ 31.600,00 
;;Gorillaz Doble;4; $ 67.200,00 
;;Gorillaz Triple;1; $ 20.100,00 
;;HC doble;6; $ 103.200,00 
;;HC simple;1; $ 14.200,00 
;;Heineken 464ml;2; $ 7.400,00 
;;KISS DOBLE;3; $ 47.700,00 
;;KISS SIMPLE;1; $ 12.900,00 
;;LADY GAGA;2; $ 21.000,00 
;;LATA Coca-Cola 357cc;2; $ 5.000,00 
;;LATA SPRITE ;1; $ 2.500,00 
;;LATON HEINEKEN;1; $ 5.000,00 
;;Levite de POMELO 1,5 L;1; $ 2.800,00 
;;MADONNA veggie;1; $ 12.300,00 
;;Mala Fama Doble 220g;6; $ 103.200,00 
;;Mala Fama Simple 110g ;4; $ 56.800,00 
;;Mala Fama Triple 330g ;3; $ 61.500,00 
;;NUGGETS X12 + PAPAS + BBQ;13; $ 117.000,00 
;;Nugget's X6 ;; $ 25.600,00 
;;Papas con Cheddar;8; $ 96.000,00 
;;Papas Mercury;2; $ 24.400,00 
;;PAPAS QUEEN;5; $ 44.000,00 
;;Papas Queen ;; $ 35.200,00 
;;PATRICIO REY DOBLE;1; $ 16.500,00 
;;PATRICIO REY SIMPLE;2; $ 27.000,00 
;;PROMO 1 -- 4 X Classic simple;5; $ 135.500,00 
;;PROMO 2-- 2 x Charly doble ;15; $ 355.500,00 
;;Red Hot DOBLE;5; $ 79.000,00 
;;Red Hot Simple 110g ;2; $ 25.600,00 
;;RESIDENTE DOBLE;3; $ 51.600,00 
;;RESIDENTE SIMPLE;1; $ 14.200,00 
;;RIHANNA ;2; $ 21.000,00 
;;Rolling Stone Doble 220g;1; $ 15.300,00 
;;Rolling Stone Simple 110g ;3; $ 36.900,00 
;;Sprite 1.5L;6; $ 25.800,00 
;;techno Chicken;1; $ 10.700,00 
;;Techno Chicken DOBLE ;1; $ 13.700,00 
;;TIRAMISU;1; $ 4.500,00 
;;Duko Simple;4; $ 52.400,00 
;;Duko Doble;11; $ 177.100,00 
;;Duko Triple 330g ;1; $ 19.400,00 
;;Porcion de Faina;; $ 10.500,00 
;;NIRVANA 2;2; $ 30.000,00 
;;Porcion Extra de Papas Medianas;; $ 15.400,00 
;;John Lennon Mediana;3; $ 48.000,00 
;;John Lennon XL;6; $ 132.000,00 
;;Michael Jackson Mediana;1; $ 18.000,00 
;;Pink Floyd Mediana;3; $ 57.000,00 
;;Michael Jackson XL;1; $ 24.000,00 
;;Pink Floyd XL;2; $ 50.000,00 
;;Creedence XL;1; $ 27.000,00 
;;Creedence Mediana ;1; $ 21.000,00 
;;Empanada de Carne;3; $ 7.500,00 
;;Empanada de Pollo;1; $ 2.500,00 
;;Empanada de Jamon y Queso;6; $ 15.000,00 
;;6 empanadas;3; $ 39.000,00 
;;12 empanadas;3; $ 75.000,00 
;;3 empanadas;2; $ 14.000,00 
;;Freddie Mercury Mediana;1; $ 21.000,00 
;;CHEESCAKE DE FRUTILLA ;1; $ 4.500,00 
;;empanada cebolla y queso;2; $ 5.000,00 
;;empanada de verdura;2; $ 5.000,00 
;;Johnny Rivers XL;1; $ 25.000,00 
;;Johnny Rivers MEDIANA;1; $ 19.000,00 
9/3/2026;393695;2 tostados AMERICANOS;1; $ 9.500,00 
;;ACDC Doble;2; $ 32.400,00 
;;ACDC Simple ;1; $ 13.200,00 
;;ACDC Triple;1; $ 19.500,00 
;;AROS DE CEBOLLA X 12 + PAPAS + BBQ;1; $ 8.600,00 
;;Beatle Doble 220g ;1; $ 15.600,00 
;;Bob Marley Doble ;1; $ 15.100,00 
;;cambio x dip cheddar;; $ 1.800,00 
;;Charly Doble 220g ;2; $ 29.400,00 
;;Charly Simple 110g;2; $ 23.400,00 
;;Clasic Doble 220g;6; $ 84.600,00 
;;Clasic Simple 110g ;4; $ 44.400,00 
;;Clasic Triple 330g;2; $ 34.800,00 
;;Coca Cola 1.5 Lts;4; $ 17.200,00 
;;Coca Cola Zero 1.5 Lts;1; $ 4.300,00 
;;dip de barbacoa;; $ 2.200,00 
;;dip de cheddar;; $ 2.800,00 
;;ENVIO;; $ 37.700,00 
;;Freestyle;4; $ 86.400,00 
;;Fried Onion Simple 110g ;1; $ 12.800,00 
;;Gorillaz Doble;4; $ 67.200,00 
;;Gorillaz simple ;1; $ 13.800,00 
;;HC doble;4; $ 68.800,00 
;;KISS DOBLE;2; $ 31.800,00 
;;LADY GAGA;1; $ 10.500,00 
;;LATON HEINEKEN;1; $ 5.000,00 
;;LEVITE 500ml;1; $ 2.100,00 
;;Levite de Manzana 1.5 lts;1; $ 2.800,00 
;;Mala Fama Doble 220g;5; $ 86.000,00 
;;Mala Fama Simple 110g ;1; $ 14.200,00 
;;Mala Fama Triple 330g ;1; $ 20.500,00 
;;NUGGETS X12 + PAPAS + BBQ;6; $ 54.000,00 
;;Nugget's X6 ;; $ 6.400,00 
;;Papas con Cheddar;2; $ 29.400,00 
;;Papas Mercury;2; $ 24.400,00 
;;PAPAS QUEEN;1; $ 8.800,00 
;;Papas Queen ;; $ 9.600,00 
;;PROMO 1 -- 4 X Classic simple;3; $ 81.300,00 
;;PROMO 2-- 2 x Charly doble ;3; $ 71.100,00 
;;Red Hot DOBLE;1; $ 15.800,00 
;;Red Hot Simple 110g ;1; $ 12.800,00 
;;RESIDENTE DOBLE;2; $ 34.400,00 
;;RIHANNA ;1; $ 10.500,00 
;;Rolling Stone Doble 220g;1; $ 15.300,00 
;;Duko Simple;2; $ 26.200,00 
;;Duko Doble;4; $ 64.400,00 
;;Porcion Extra de Papas Medianas;; $ 2.200,00 
;;John Lennon XL;1; $ 22.000,00 
;;Pink Floyd XL;1; $ 25.000,00 
;;ENVIO 2500;; $ 2.500,00 
10/3/2026;393696;Agua 500cc;1; $ 2.100,00 
;;Alma Fuerte ;1; $ 13.500,00 
;;AMERICANO + levite;2; $ 13.600,00 
;;Charly  Triple 330g;1; $ 18.000,00 
;;Clasic Simple 110g ;2; $ 22.200,00 
;;Coca Cola 1.5 Lts;1; $ 4.300,00 
;;ENVIO;; $ 7.800,00 
;;HC TRIPLE;3; $ 61.500,00 
;;Levite de Manzana 1.5 lts;1; $ 2.800,00 
;;MESA;;
;;Papas con Cheddar;; $ 12.000,00 
;;PROMO 1 -- 4 X Classic simple;1; $ 27.100,00 
;;PROMO 2-- 2 x Charly doble ;2; $ 47.400,00 
;;RESIDENTE DOBLE;1; $ 17.200,00 
;;techno Chicken;1; $ 10.700,00 
;;Duko Doble;1; $ 16.100,00 
;;Duko Triple 330g ;1; $ 19.400,00 
;393697;ACDC Doble;2; $ 32.400,00 
;;ACDC Simple ;1; $ 13.200,00 
;;ACDC Triple;1; $ 19.500,00 
;;Alma Fuerte ;2; $ 27.000,00 
;;Aros de Cebolla 6 unid.;; $ 10.800,00 
;;Beatle Doble 220g ;2; $ 31.200,00 
;;Beatle Simple 110g ;4; $ 50.400,00 
;;CAMPARI;1; $ 7.000,00 
;;Charly  Triple 330g;3; $ 54.000,00 
;;Charly Doble 220g ;2; $ 29.400,00 
;;Charly Simple 110g;1; $ 11.700,00 
;;Clasic Doble 220g;8; $ 112.800,00 
;;Clasic Simple 110g ;6; $ 66.600,00 
;;Clasic Triple 330g;1; $ 17.400,00 
;;Coca Cola 1.5 Lts;5; $ 21.500,00 
;;Coca Cola Zero 1.5 Lts;1; $ 4.300,00 
;;dip de barbacoa;; $ 1.100,00 
;;dip de cheddar;; $ 5.600,00 
;;ENVIO;; $ 33.800,00 
;;Fried Onion Doble 220g;2; $ 31.600,00 
;;Gorillaz Doble;2; $ 33.600,00 
;;Gorillaz simple ;1; $ 13.800,00 
;;HC doble;4; $ 68.800,00 
;;HC simple;1; $ 14.200,00 
;;HC TRIPLE;1; $ 20.500,00 
;;Heineken 464ml;3; $ 11.100,00 
;;KISS DOBLE;1; $ 15.900,00 
;;KISS SIMPLE;1; $ 12.900,00 
;;LATA Coca-Cola 357cc;1; $ 2.500,00 
;;LATA SPRITE ;1; $ 2.500,00 
;;Levite de Manzana 1.5 lts;1; $ 2.800,00 
;;Levite de POMELO 1,5 L;1; $ 2.800,00 
;;Mala Fama Doble 220g;4; $ 68.800,00 
;;Mala Fama Simple 110g ;3; $ 42.600,00 
;;NUGGETS X12 + PAPAS + BBQ;4; $ 36.000,00 
;;Nugget's X6 ;; $ 6.400,00 
;;Papas con Cheddar;1; $ 15.900,00 
;;PAPAS QUEEN;1; $ 8.800,00 
;;PATRICIO REY SIMPLE;1; $ 13.500,00 
;;PROMO 1 -- 4 X Classic simple;1; $ 27.100,00 
;;PROMO 2-- 2 x Charly doble ;5; $ 118.500,00 
;;Red Hot Simple 110g ;1; $ 12.800,00 
;;Red Hot Triple 330g ;1; $ 19.100,00 
;;RESIDENTE SIMPLE;1; $ 14.200,00 
;;Rolling Stone Doble 220g;1; $ 15.300,00 
;;STELLA ARTOIS 464ml;1; $ 3.700,00 
;;Duko Simple;3; $ 39.300,00 
;;Duko Doble;5; $ 80.500,00 
;;NIRVANA 2;1; $ 15.000,00 
11/3/2026;393698;2 tostados AMERICANOS;1; $ 9.500,00 
;;ACDC Doble;1; $ 16.200,00 
;;AMERICANO + levite;1; $ 6.800,00 
;;Andes Rubia;5; $ 15.000,00 
;;Beatle Simple 110g ;1; $ 12.600,00 
;;Charly Doble 220g ;1; $ 14.700,00 
;;Charly Simple 110g;1; $ 11.700,00 
;;Clasic Simple 110g ;2; $ 22.200,00 
;;CLASICO + levite;1; $ 6.800,00 
;;Coca Cola 1.5 Lts;1; $ 4.300,00 
;;ENVIO;; $ 10.400,00 
;;Fried Onion Simple 110g ;1; $ 12.800,00 
;;HC TRIPLE;1; $ 20.500,00 
;;Mala Fama Simple 110g ;1; $ 14.200,00 
;;Nugget's X6 ;; $ 3.200,00 
;;Papas con Cheddar;; $ 4.800,00 
;;PROMO 1 -- 4 X Classic simple;2; $ 54.200,00 
;;PROMO 2-- 2 x Charly doble ;1; $ 23.700,00 
;;RIHANNA ;4; $ 42.000,00 
;;Techno Chicken DOBLE ;1; $ 13.700,00 
;;Duko Doble;2; $ 32.200,00 
;;Duko Triple 330g ;1; $ 19.400,00 
;;CHEESCAKE DE FRUTILLA ;1; $ 4.500,00 
;393699;Alma Fuerte ;1; $ 13.500,00 
;;Beatle Doble 220g ;2; $ 31.200,00 
;;Beatle Simple 110g ;1; $ 12.600,00 
;;BIZARRAP Session #1 ;1; $ 10.500,00 
;;Charly Doble 220g ;1; $ 14.700,00 
;;Charly Simple 110g;2; $ 23.400,00 
;;Clasic Doble 220g;6; $ 84.600,00 
;;Clasic Simple 110g ;4; $ 44.400,00 
;;Clasic Triple 330g;3; $ 52.200,00 
;;Coca Cola 1.5 Lts;2; $ 10.000,00 
;;Coca Cola Zero 1.5 Lts;1; $ 5.000,00 
;;dip de barbacoa;; $ 1.100,00 
;;dip de cheddar;; $ 5.600,00 
;;Eminem;1; $ 17.600,00 
;;ENVIO;; $ 40.300,00 
;;franui Chocolate semiamargo + chocolate blanco;2; $ 18.000,00 
;;Freestyle;2; $ 43.200,00 
;;Gorillaz Doble;3; $ 50.400,00 
;;HC doble;2; $ 34.400,00 
;;Heineken 464ml;1; $ 3.700,00 
;;KISS SIMPLE;2; $ 25.800,00 
;;LADY GAGA;3; $ 31.500,00 
;;LEVITE 500ml;1; $ 2.100,00 
;;Levite de POMELO 1,5 L;1; $ 2.800,00 
;;MADONNA veggie;1; $ 12.300,00 
;;Mala Fama Doble 220g;9; $ 154.800,00 
;;Mala Fama Simple 110g ;2; $ 28.400,00 
;;Mala Fama Triple 330g ;1; $ 20.500,00 
;;NUGGETS X12 + PAPAS + BBQ;1; $ 9.000,00 
;;Nugget's X6 ;; $ 6.400,00 
;;Papas con Cheddar;; $ 9.600,00 
;;Papas Queen ;; $ 3.200,00 
;;PROMO 1 -- 4 X Classic simple;5; $ 135.500,00 
;;PROMO 2-- 2 x Charly doble ;7; $ 165.900,00 
;;Red Hot DOBLE;1; $ 15.800,00 
;;Red Hot Simple 110g ;1; $ 12.800,00 
;;RESIDENTE DOBLE;1; $ 17.200,00 
;;RESIDENTE SIMPLE;3; $ 42.600,00 
;;Rolling Stone Doble 220g;1; $ 15.300,00 
;;Rolling Stone Simple 110g ;1; $ 12.300,00 
;;STELLA ARTOIS 464ml;2; $ 7.400,00 
;;Duko Simple;2; $ 26.200,00 
;;Duko Doble;6; $ 96.600,00 
;;Duko Triple 330g ;2; $ 38.800,00 
;;Beatle Triple ;1; $ 18.900,00 
;;Rolling Stone Triple;1; $ 18.600,00 
;;Porcion de Faina;; $ 3.000,00 
;;NIRVANA 2;2; $ 30.000,00 
;;Porcion Extra de Papas Medianas;; $ 2.200,00 
;;John Lennon Mediana;2; $ 32.000,00 
;;John Lennon XL;1; $ 22.000,00 
;;Michael Jackson Mediana;1; $ 18.000,00 
;;Pink Floyd XL;1; $ 25.000,00 
;;Creedence XL;1; $ 27.000,00 
;;Empanada de Carne;5; $ 12.500,00 
;;Empanada de Jamon y Queso;5; $ 12.500,00 
;;6 empanadas;2; $ 26.000,00 
;;3 empanadas;1; $ 7.000,00 
;;Freddie Mercury XL;1; $ 27.000,00 
12/3/2026;393700;2 tostados AMERICANOS;1; $ 9.500,00 
;;Agua 500cc;6; $ 12.600,00 
;;Beatle Doble 220g ;1; $ 15.600,00 
;;Beatle Simple 110g ;2; $ 25.200,00 
;;Clasic Doble 220g;2; $ 28.200,00 
;;Clasic Simple 110g ;3; $ 33.300,00 
;;COCA 500 ml;1; $ 2.400,00 
;;ENVIO;; $ 15.600,00 
;;Gorillaz Doble;2; $ 33.600,00 
;;HC doble;1; $ 17.200,00 
;;LADY GAGA;1; $ 10.500,00 
;;LEVITE 500ml;2; $ 4.200,00 
;;Mala Fama Doble 220g;2; $ 34.400,00 
;;Mala Fama Triple 330g ;1; $ 20.500,00 
;;MESA;;
;;NUGGETS X12 + PAPAS + BBQ;1; $ 9.000,00 
;;Papas con Cheddar;; $ 2.400,00 
;;Papas Queen ;; $ 6.400,00 
;;PROMO 2-- 2 x Charly doble ;1; $ 23.700,00 
;;RESIDENTE SIMPLE;1; $ 14.200,00 
;;RIHANNA ;1; $ 10.500,00 
;;techno Chicken;1; $ 10.700,00 
;;Duko Doble;2; $ 32.200,00 
;;Duko Triple 330g ;3; $ 58.200,00 
;;NIRVANA  ;2; $ 30.000,00 
;393701;ACDC Doble;3; $ 48.600,00 
;;ACDC Simple ;2; $ 26.400,00 
;;Andes Rubia;1; $ 4.000,00 
;;Aros de Cebolla 6 unid.;; $ 3.600,00 
;;Beatle Doble 220g ;3; $ 46.800,00 
;;Beatle Simple 110g ;1; $ 12.600,00 
;;BIZARRAP Session #1 ;1; $ 10.500,00 
;;Bob marley Simple;1; $ 12.100,00 
;;Cerveza Andes Roja;1; $ 4.000,00 
;;Charly Doble 220g ;6; $ 88.200,00 
;;Charly Simple 110g;3; $ 35.100,00 
;;Clasic Doble 220g;8; $ 112.800,00 
;;Clasic Simple 110g ;8; $ 88.800,00 
;;Clasic Triple 330g;4; $ 69.600,00 
;;Coca Cola 1.5 Lts;4; $ 21.200,00 
;;dip de barbacoa;; $ 1.100,00 
;;dip de cheddar;; $ 8.400,00 
;;ENVIO;; $ 45.500,00 
;;FERNET ;1; $ 7.000,00 
;;franui Chocolate semiamargo + chocolate blanco;1; $ 9.000,00 
;;Freestyle;2; $ 43.200,00 
;;GANCIA;1; $ 7.000,00 
;;GIN TONIC;2; $ 15.000,00 
;;HC doble;2; $ 34.400,00 
;;HC TRIPLE;1; $ 20.500,00 
;;Heineken 464ml;1; $ 3.700,00 
;;HIP HOP;3; $ 69.300,00 
;;KIDS ROCK  (Ricosaurio x 4+ papas );1; $ 7.500,00 
;;KISS DOBLE;1; $ 15.900,00 
;;KISS SIMPLE;1; $ 12.900,00 
;;LATA SPRITE ;1; $ 2.500,00 
;;LEVITE 500ml;2; $ 4.200,00 
;;Levite de Manzana 1.5 lts;1; $ 2.800,00 
;;Mala Fama Doble 220g;7; $ 120.400,00 
;;Mala Fama Simple 110g ;2; $ 28.400,00 
;;NUGGETS X12 + PAPAS + BBQ;3; $ 27.000,00 
;;Nugget's X6 ;; $ 22.400,00 
;;Papas con Cheddar;1; $ 27.900,00 
;;PAPAS QUEEN;2; $ 17.600,00 
;;Papas Queen ;; $ 16.000,00 
;;PATRICIO REY SIMPLE;1; $ 13.500,00 
;;PROMO 1 -- 4 X Classic simple;4; $ 108.400,00 
;;PROMO 2-- 2 x Charly doble ;5; $ 118.500,00 
;;Red Hot DOBLE;1; $ 15.800,00 
;;RESIDENTE DOBLE;2; $ 34.400,00 
;;RIHANNA ;1; $ 10.500,00 
;;Sprite 1.5L;1; $ 5.300,00 
;;Techno Chicken DOBLE ;1; $ 13.700,00 
;;Duko Doble;1; $ 16.100,00 
;;NIRVANA 2;1; $ 15.000,00 
;;Porcion Extra de Papas Medianas;; $ 2.200,00 
;;John Lennon Mediana;2; $ 32.000,00 
;;John Lennon XL;1; $ 22.000,00 
;;Michael Jackson Mediana;1; $ 18.000,00 
;;Pink Floyd XL;2; $ 50.000,00 
;;Empanada de Carne;1; $ 2.500,00 
;;Empanada de Jamon y Queso;12; $ 30.000,00 
;;6 empanadas;2; $ 26.000,00 
;;3 empanadas;2; $ 14.000,00 
13/3/2026;393702;Alma Fuerte ;2; $ 27.000,00 
;;AMERICANO + levite;1; $ 6.800,00 
;;Clasic Doble 220g;3; $ 42.300,00 
;;dip de cheddar;; $ 2.800,00 
;;ENVIO;; $ 9.100,00 
;;LATA Coca-Cola 357cc;1; $ 2.500,00 
;;Mala Fama Simple 110g ;1; $ 14.200,00 
;;Nugget's X6 ;; $ 3.200,00 
;;Papas con Cheddar;1; $ 8.700,00 
;;PROMO 1 -- 4 X Classic simple;1; $ 27.100,00 
;;PROMO 2-- 2 x Charly doble ;4; $ 94.800,00 
;;Red Hot DOBLE;2; $ 31.600,00 
;;Red Hot Simple 110g ;1; $ 12.800,00 
;;Rolling Stone Simple 110g ;1; $ 12.300,00 
;;Duko Doble;1; $ 16.100,00 
;393703;ACDC Doble;5; $ 81.000,00 
;;ACDC Simple ;4; $ 52.800,00 
;;ACDC Triple;1; $ 19.500,00 
;;Agua 500cc;2; $ 4.200,00 
;;Andes Rubia;3; $ 12.000,00 
;;Aros de Cebolla 6 unid.;; $ 39.600,00 
;;Beatle Doble 220g ;6; $ 93.600,00 
;;Beatle Simple 110g ;4; $ 50.400,00 
;;BIZZARAP session #2;6; $ 63.000,00 
;;Bob Marley Doble ;1; $ 15.100,00 
;;Bob marley Simple;3; $ 36.300,00 
;;cambio x dip cheddar;; $ 1.800,00 
;;Cerveza Andes IPA;2; $ 8.000,00 
;;Charly  Triple 330g;1; $ 18.000,00 
;;Charly Doble 220g ;6; $ 88.200,00 
;;Charly Simple 110g;5; $ 58.500,00 
;;Clasic Doble 220g;33; $ 465.300,00 
;;Clasic Simple 110g ;21; $ 233.100,00 
;;Clasic Triple 330g;11; $ 191.400,00 
;;Coca Cola 1.5 Lts;4; $ 21.200,00 
;;Coca Cola Zero 1.5 Lts;2; $ 10.600,00 
;;dip de barbacoa;; $ 2.200,00 
;;dip de cheddar;; $ 11.200,00 
;;ENVIO;; $ 143.000,00 
;;franui Chocolate semiamargo + chocolate blanco;1; $ 9.000,00 
;;Freestyle;6; $ 129.600,00 
;;Fried Onion Doble 220g;3; $ 47.400,00 
;;Gorillaz Doble;6; $ 100.800,00 
;;Gorillaz simple ;1; $ 13.800,00 
;;Gorillaz Triple;2; $ 40.200,00 
;;HC doble;1; $ 17.200,00 
;;Heineken 464ml;3; $ 13.500,00 
;;KIDS ROCK  (Ricosaurio x 4+ papas );1; $ 7.500,00 
;;LADY GAGA;2; $ 21.000,00 
;;LATA Coca-Cola 357cc;3; $ 7.500,00 
;;LATA Coca-Cola zero;1; $ 2.500,00 
;;LATA SPRITE ;1; $ 2.500,00 
;;LEVITE 500ml;1; $ 2.100,00 
;;Levite de Manzana 1.5 lts;1; $ 2.800,00 
;;Levite de POMELO 1,5 L;3; $ 8.400,00 
;;MADONNA veggie DOBLE;1; $ 15.300,00 
;;Mala Fama Doble 220g;5; $ 86.000,00 
;;Mala Fama Simple 110g ;9; $ 127.800,00 
;;Mala Fama Triple 330g ;2; $ 41.000,00 
;;MESA;;
;;NUGGETS X12 + PAPAS + BBQ;9; $ 81.000,00 
;;Nugget's X6 ;; $ 51.200,00 
;;Papas con Cheddar;4; $ 61.200,00 
;;Papas Mercury;6; $ 73.200,00 
;;PAPAS QUEEN;4; $ 35.200,00 
;;Papas Queen ;; $ 48.000,00 
;;PAPAS tradicionales para 2 ;1; $ 6.400,00 
;;PATRICIO REY DOBLE;2; $ 33.000,00 
;;PATRICIO REY SIMPLE;1; $ 13.500,00 
;;PROMO 1 -- 4 X Classic simple;7; $ 189.700,00 
;;PROMO 2-- 2 x Charly doble ;18; $ 426.600,00 
;;RESIDENTE DOBLE;7; $ 120.400,00 
;;RESIDENTE SIMPLE;1; $ 14.200,00 
;;RIHANNA ;1; $ 10.500,00 
;;Rolling Stone Doble 220g;5; $ 76.500,00 
;;Rolling Stone Simple 110g ;1; $ 12.300,00 
;;Sprite 1.5L;4; $ 21.200,00 
;;STELLA ARTOIS 464ml;1; $ 4.500,00 
;;techno Chicken;3; $ 32.100,00 
;;Duko Simple;3; $ 39.300,00 
;;Duko Doble;14; $ 225.400,00 
;;Duko Triple 330g ;4; $ 77.600,00 
;;Beatle Triple ;2; $ 37.800,00 
;;Rolling Stone Triple;1; $ 18.600,00 
;;Porcion de Faina;; $ 7.500,00 
;;empanada caprece;1; $ 2.500,00 
;;Lata Schweppes Pomelo Zero;1; $ 2.500,00 
;;NIRVANA 2;1; $ 15.000,00 
;;Porcion Extra de Papas Medianas;; $ 11.000,00 
;;John Lennon Mediana;7; $ 112.000,00 
;;John Lennon XL;3; $ 66.000,00 
;;Pink Floyd Mediana;4; $ 76.000,00 
;;Pink Floyd XL;6; $ 150.000,00 
;;Creedence XL;1; $ 27.000,00 
;;Creedence Mediana ;1; $ 21.000,00 
;;Empanada de Carne;9; $ 22.500,00 
;;Empanada de Pollo;3; $ 7.500,00 
;;Empanada de Jamon y Queso;18; $ 45.000,00 
;;6 empanadas;2; $ 26.000,00 
;;12 empanadas;1; $ 25.000,00 
;;3 empanadas;1; $ 7.000,00 
;;Mick Jagger ;1; $ 19.000,00 
;;empanada cebolla y queso;1; $ 2.500,00 
;;GOYENECHE PORRÓN;10; $ 40.000,00 
14/3/2026;393704;ACDC Doble;2; $ 32.400,00 
;;ACDC Simple ;1; $ 13.200,00 
;;Alma Fuerte ;1; $ 13.500,00 
;;Andes Rubia;1; $ 4.000,00 
;;Beatle Doble 220g ;1; $ 15.600,00 
;;BIZARRAP Session #1 ;2; $ 21.000,00 
;;Cerveza Andes Roja;1; $ 4.000,00 
;;Clasic Doble 220g;4; $ 56.400,00 
;;Clasic Simple 110g ;1; $ 11.100,00 
;;Coca Cola 1.5 Lts;1; $ 5.300,00 
;;ENVIO;; $ 7.800,00 
;;HC doble;1; $ 17.200,00 
;;HC simple;1; $ 14.200,00 
;;LADY GAGA;1; $ 10.500,00 
;;LATA Coca-Cola 357cc;3; $ 7.500,00 
;;LATA SPRITE ;5; $ 12.500,00 
;;Levite de POMELO 1,5 L;1; $ 2.800,00 
;;MESA;;
;;NUGGETS X12 + PAPAS + BBQ;1; $ 9.000,00 
;;Nugget's X6 ;; $ 9.600,00 
;;Papas con Cheddar;1; $ 8.700,00 
;;PAPAS QUEEN;1; $ 8.800,00 
;;PATRICIO REY SIMPLE;1; $ 13.500,00 
;;PROMO 1 -- 4 X Classic simple;1; $ 27.100,00 
;;PROMO 2-- 2 x Charly doble ;2; $ 47.400,00 
;;Red Hot DOBLE;1; $ 15.800,00 
;;RESIDENTE SIMPLE;2; $ 28.400,00 
;;Rolling Stone Doble 220g;1; $ 15.300,00 
;;Sprite 1.5L;1; $ 5.300,00 
;;STELLA ARTOIS 464ml;1; $ 4.500,00 
;;techno Chicken;1; $ 10.700,00 
;;Duko Doble;5; $ 80.500,00 
;;Duko Triple 330g ;1; $ 19.400,00 
;;Porcion Extra de Papas Medianas;; $ 2.200,00 
;393705;2 tostados AMERICANOS;1; $ 9.500,00 
;;ACDC Doble;11; $ 178.200,00 
;;ACDC Triple;1; $ 19.500,00 
;;Agua 500cc;2; $ 4.200,00 
;;Alma Fuerte ;2; $ 27.000,00 
;;Andes Rubia;1; $ 4.000,00 
;;Aros de Cebolla 6 unid.;; $ 18.000,00 
;;AROS DE CEBOLLA X 12 + PAPAS + BBQ;1; $ 8.600,00 
;;Beatle Doble 220g ;11; $ 171.600,00 
;;Beatle Simple 110g ;4; $ 50.400,00 
;;BIZARRAP Session #1 ;4; $ 42.000,00 
;;BIZZARAP session #2;3; $ 31.500,00 
;;Bob Marley Doble ;2; $ 30.200,00 
;;Bob marley Simple;1; $ 12.100,00 
;;cambio x dip cheddar;; $ 900,00 
;;Cerveza Andes Roja;2; $ 8.000,00 
;;Charly  Triple 330g;2; $ 36.000,00 
;;Charly Doble 220g ;13; $ 191.100,00 
;;Charly Simple 110g;3; $ 35.100,00 
;;CHOCOTORTA;1; $ 4.500,00 
;;Clasic Doble 220g;25; $ 352.500,00 
;;Clasic Simple 110g ;18; $ 199.800,00 
;;Clasic Triple 330g;4; $ 69.600,00 
;;Coca Cola 1.5 Lts;18; $ 95.400,00 
;;Coca Cola Zero 1.5 Lts;1; $ 5.300,00 
;;dip de cheddar;; $ 11.200,00 
;;Eminem;1; $ 17.600,00 
;;ENVIO;; $ 118.300,00 
;;franui Chocolate con leche + chocolate blanco;2; $ 18.000,00 
;;Freestyle;4; $ 86.400,00 
;;Gorillaz Doble;4; $ 67.200,00 
;;Gorillaz simple ;1; $ 13.800,00 
;;HC TRIPLE;1; $ 20.500,00 
;;Heineken 464ml;3; $ 13.500,00 
;;HIP HOP;2; $ 46.200,00 
;;KIDS ROCK  (Ricosaurio x 4+ papas );4; $ 30.000,00 
;;KISS DOBLE;1; $ 15.900,00 
;;LATA Coca-Cola 357cc;7; $ 17.500,00 
;;LATA SPRITE ;2; $ 5.000,00 
;;Levite de Manzana 1.5 lts;1; $ 2.800,00 
;;Mala Fama Doble 220g;9; $ 154.800,00 
;;Mala Fama Simple 110g ;8; $ 113.600,00 
;;Mala Fama Triple 330g ;3; $ 61.500,00 
;;NUGGETS X12 + PAPAS + BBQ;9; $ 81.000,00 
;;Nugget's X6 ;; $ 32.000,00 
;;Papas con Cheddar;3; $ 66.900,00 
;;PAPAS QUEEN;5; $ 44.000,00 
;;Papas Queen ;; $ 73.600,00 
;;PATRICIO REY DOBLE;3; $ 49.500,00 
;;PATRICIO REY SIMPLE;1; $ 13.500,00 
;;PROMO 1 -- 4 X Classic simple;8; $ 216.800,00 
;;PROMO 2-- 2 x Charly doble ;22; $ 521.400,00 
;;Red Hot DOBLE;5; $ 79.000,00 
;;Red Hot Simple 110g ;4; $ 51.200,00 
;;RESIDENTE SIMPLE;5; $ 71.000,00 
;;RIHANNA ;2; $ 21.000,00 
;;Rolling Stone Doble 220g;4; $ 61.200,00 
;;Rolling Stone Simple 110g ;3; $ 36.900,00 
;;Sprite 1.5L;1; $ 5.300,00 
;;STELLA ARTOIS 464ml;4; $ 18.000,00 
;;techno Chicken;1; $ 10.700,00 
;;Techno Chicken DOBLE ;1; $ 13.700,00 
;;TIRAMISU;3; $ 13.500,00 
;;Duko Simple;5; $ 65.500,00 
;;Duko Doble;14; $ 225.400,00 
;;Duko Triple 330g ;5; $ 97.000,00 
;;Beatle Triple ;1; $ 18.900,00 
;;Rolling Stone Triple;1; $ 18.600,00 
;;Porcion de Faina;; $ 24.000,00 
;;Porcion Extra de Papas Medianas;; $ 6.600,00 
;;John Lennon Mediana;7; $ 112.000,00 
;;John Lennon XL;5; $ 110.000,00 
;;Michael Jackson Mediana;2; $ 36.000,00 
;;Pink Floyd Mediana;5; $ 95.000,00 
;;Michael Jackson XL;1; $ 24.000,00 
;;Empanada de Carne;4; $ 10.000,00 
;;Empanada de Jamon y Queso;2; $ 5.000,00 
;;Elvis Presley XL;2; $ 68.000,00 
;;6 empanadas;1; $ 13.000,00 
;;12 empanadas;1; $ 25.000,00 
;;3 empanadas;1; $ 7.000,00 
;;Freddie Mercury XL;1; $ 27.000,00 
;;Kiss Mediana;1; $ 18.000,00 
;;Led Zeppelin XL;1; $ 29.000,00 
;;ENVIO 2500;; $ 2.500,00 
;;GOYENECHE PORRÓN;2; $ 8.000,00 
15/3/2026;393706;2 tostados CLASSIC;1; $ 9.500,00 
;;ACDC Doble;10; $ 162.000,00 
;;ACDC Simple ;3; $ 39.600,00 
;;Agua 500cc;1; $ 2.100,00 
;;Alma Fuerte ;1; $ 13.500,00 
;;Andes Rubia;2; $ 8.000,00 
;;Aros de Cebolla 6 unid.;; $ 7.200,00 
;;Beatle Doble 220g ;6; $ 93.600,00 
;;Beatle Simple 110g ;2; $ 25.200,00 
;;BIZARRAP Session #1 ;4; $ 42.000,00 
;;BIZZARAP session #2;2; $ 21.000,00 
;;Bob marley Simple;1; $ 12.100,00 
;;cambio x dip cheddar;; $ 1.800,00 
;;Cerveza Andes Roja;2; $ 8.000,00 
;;Charly  Triple 330g;2; $ 36.000,00 
;;Charly Doble 220g ;3; $ 44.100,00 
;;Charly Simple 110g;5; $ 58.500,00 
;;Clasic Doble 220g;25; $ 352.500,00 
;;Clasic Simple 110g ;19; $ 210.900,00 
;;Clasic Triple 330g;5; $ 87.000,00 
;;Coca Cola 1.5 Lts;5; $ 26.500,00 
;;Coca Cola Zero 1.5 Lts;1; $ 5.300,00 
;;dip de barbacoa;; $ 1.100,00 
;;dip de cheddar;; $ 14.000,00 
;;Eminem;2; $ 35.200,00 
;;ENVIO;; $ 96.200,00 
;;franui Chocolate con leche + chocolate blanco;1; $ 9.000,00 
;;Freestyle;2; $ 43.200,00 
;;Fried Onion Doble 220g;1; $ 15.800,00 
;;Fried Onion Simple 110g ;2; $ 25.600,00 
;;Gorillaz Doble;1; $ 16.800,00 
;;Gorillaz simple ;1; $ 13.800,00 
;;KIDS ROCK  (Ricosaurio x 4+ papas );1; $ 7.500,00 
;;KISS SIMPLE;1; $ 12.900,00 
;;LADY GAGA;1; $ 10.500,00 
;;LATA Coca-Cola 357cc;3; $ 7.500,00 
;;LATA SPRITE ;3; $ 7.500,00 
;;LEVITE 500ml;1; $ 2.100,00 
;;Levite de Manzana 1.5 lts;3; $ 8.400,00 
;;Levite de POMELO 1,5 L;1; $ 2.800,00 
;;Mala Fama Doble 220g;13; $ 223.600,00 
;;Mala Fama Simple 110g ;5; $ 71.000,00 
;;NUGGETS X12 + PAPAS + BBQ;5; $ 45.000,00 
;;Nugget's X6 ;; $ 22.400,00 
;;Papas con Cheddar;1; $ 80.700,00 
;;Papas Mercury;1; $ 12.200,00 
;;PAPAS QUEEN;5; $ 44.000,00 
;;Papas Queen ;; $ 54.400,00 
;;PATRICIO REY DOBLE;1; $ 16.500,00 
;;PROMO 1 -- 4 X Classic simple;9; $ 243.900,00 
;;PROMO 2-- 2 x Charly doble ;10; $ 237.000,00 
;;Red Hot DOBLE;1; $ 15.800,00 
;;Red Hot Simple 110g ;2; $ 25.600,00 
;;RESIDENTE DOBLE;5; $ 86.000,00 
;;RESIDENTE SIMPLE;5; $ 71.000,00 
;;RIHANNA ;2; $ 21.000,00 
;;Rolling Stone Doble 220g;5; $ 76.500,00 
;;Rolling Stone Simple 110g ;1; $ 12.300,00 
;;Sprite 1.5L;3; $ 15.900,00 
;;techno Chicken;1; $ 10.700,00 
;;Techno Chicken DOBLE ;2; $ 27.400,00 
;;Duko Simple;4; $ 52.400,00 
;;Duko Doble;15; $ 241.500,00 
;;Duko Triple 330g ;3; $ 58.200,00 
;;Beatle Triple ;1; $ 18.900,00 
;;Rolling Stone Triple;1; $ 18.600,00 
;;Porcion de Faina;; $ 3.000,00 
;;NIRVANA  ;1; $ 15.000,00 
;;Porcion Extra de Papas Medianas;; $ 2.200,00 
;;John Lennon Mediana;3; $ 48.000,00 
;;John Lennon XL;3; $ 66.000,00 
;;Pink Floyd Mediana;1; $ 19.000,00 
;;Pink Floyd XL;2; $ 50.000,00 
;;Creedence XL;3; $ 81.000,00 
;;Empanada de Carne;5; $ 12.500,00 
;;Empanada de Jamon y Queso;6; $ 15.000,00 
;;Elvis Presley MEDIANA;3; $ 81.000,00 
;;6 empanadas;3; $ 39.000,00 
;;3 empanadas;2; $ 14.000,00 
;;EXTRA CHEDDAR ;; $ 1.500,00 
;;Mick Jagger ;1; $ 19.000,00 
16/3/2026;393707;ACDC Doble;1; $ 16.200,00 
;;ACDC Triple;1; $ 19.500,00 
;;Aros de Cebolla 6 unid.;; $ 3.600,00 
;;AROS DE CEBOLLA X 12 + PAPAS + BBQ;1; $ 8.600,00 
;;Beatle Simple 110g ;1; $ 12.600,00 
;;BIZARRAP Session #1 ;2; $ 21.000,00 
;;Bob Marley Doble ;1; $ 15.100,00 
;;Charly Doble 220g ;4; $ 58.800,00 
;;Clasic Doble 220g;7; $ 98.700,00 
;;Clasic Simple 110g ;4; $ 44.400,00 
;;Clasic Triple 330g;2; $ 34.800,00 
;;Coca Cola 1.5 Lts;5; $ 26.500,00 
;;dip de cheddar;; $ 5.600,00 
;;ENVIO;; $ 36.400,00 
;;Freestyle;1; $ 21.600,00 
;;Gorillaz Doble;2; $ 33.600,00 
;;Gorillaz Triple;1; $ 20.100,00 
;;LATA Coca-Cola 357cc;2; $ 5.000,00 
;;LATON HEINEKEN;1; $ 7.000,00 
;;Mala Fama Doble 220g;4; $ 68.800,00 
;;Mala Fama Triple 330g ;1; $ 20.500,00 
;;NUGGETS X12 + PAPAS + BBQ;3; $ 27.000,00 
;;Nugget's X6 ;; $ 16.000,00 
;;Papas con Cheddar;; $ 4.800,00 
;;PAPAS QUEEN;1; $ 8.800,00 
;;Papas Queen ;; $ 22.400,00 
;;PROMO 1 -- 4 X Classic simple;1; $ 27.100,00 
;;PROMO 2-- 2 x Charly doble ;6; $ 142.200,00 
;;Red Hot DOBLE;1; $ 15.800,00 
;;Red Hot Simple 110g ;2; $ 25.600,00 
;;RESIDENTE DOBLE;1; $ 17.200,00 
;;RIHANNA ;3; $ 31.500,00 
;;Sprite 1.5L;1; $ 5.300,00 
;;STELLA ARTOIS 464ml;2; $ 9.000,00 
;;Duko Simple;1; $ 13.100,00 
;;Duko Doble;6; $ 96.600,00 
;;Duko Triple 330g ;4; $ 77.600,00 
;;Porcion Extra de Papas Medianas;; $ 4.400,00 
;;John Lennon Mediana;1; $ 16.000,00 
;;John Lennon XL;1; $ 22.000,00 
;;Michael Jackson Mediana;1; $ 18.000,00 
;;Pink Floyd Mediana;2; $ 38.000,00 
;;Pink Floyd XL;2; $ 50.000,00 
;;Creedence XL;1; $ 27.000,00 
;;Empanada de Carne;5; $ 12.500,00 
;;Empanada de Jamon y Queso;3; $ 7.500,00 
;;3 empanadas;3; $ 21.000,00 
;;ENVIO 2500;; $ 2.500,00 
;;GOYENECHE PORRÓN;1; $ 4.000,00 
17/3/2026;393708;2 tostados AMERICANOS;1; $ 9.500,00 
;;ACDC Simple ;1; $ 13.200,00 
;;Agua 500cc;1; $ 2.100,00 
;;AROS DE CEBOLLA X 12 + PAPAS + BBQ;1; $ 8.600,00 
;;Beatle Doble 220g ;1; $ 15.600,00 
;;Clasic Simple 110g ;3; $ 33.300,00 
;;ENVIO;; $ 9.100,00 
;;franui Chocolate con leche + chocolate blanco;1; $ 9.000,00 
;;Freestyle;1; $ 21.600,00 
;;Levite de Manzana 1.5 lts;1; $ 2.800,00 
;;Levite de POMELO 1,5 L;1; $ 2.800,00 
;;MESA;;
;;Papas con Cheddar;1; $ 13.500,00 
;;Papas Mercury;1; $ 12.200,00 
;;Red Hot Simple 110g ;1; $ 12.800,00 
;;RIHANNA ;1; $ 10.500,00 
;;Duko Doble;1; $ 16.100,00 
;;Rolling Stone Triple;1; $ 18.600,00 
;393709;ACDC Doble;1; $ 16.200,00 
;;ACDC Simple ;2; $ 26.400,00 
;;ACDC Triple;1; $ 19.500,00 
;;Aros de Cebolla 6 unid.;; $ 3.600,00 
;;AROS DE CEBOLLA X 12 + PAPAS + BBQ;1; $ 8.600,00 
;;Beatle Simple 110g ;1; $ 12.600,00 
;;BIZZARAP session #2;1; $ 10.500,00 
;;Charly Doble 220g ;7; $ 102.900,00 
;;Clasic Doble 220g;8; $ 112.800,00 
;;Clasic Simple 110g ;5; $ 55.500,00 
;;Clasic Triple 330g;1; $ 17.400,00 
;;Coca Cola 1.5 Lts;3; $ 15.900,00 
;;Coca Cola Zero 1.5 Lts;1; $ 5.300,00 
;;ENVIO;; $ 36.400,00 
;;franui Chocolate con leche + chocolate blanco;1; $ 9.000,00 
;;Freestyle;3; $ 64.800,00 
;;Fried Onion Doble 220g;1; $ 15.800,00 
;;Gorillaz Doble;3; $ 50.400,00 
;;Gorillaz simple ;1; $ 13.800,00 
;;Gorillaz Triple;2; $ 40.200,00 
;;HC doble;3; $ 51.600,00 
;;HC simple;2; $ 28.400,00 
;;KISS DOBLE;1; $ 15.900,00 
;;KISS SIMPLE;2; $ 25.800,00 
;;LATA Coca-Cola 357cc;2; $ 5.000,00 
;;Mala Fama Doble 220g;2; $ 34.400,00 
;;Mala Fama Simple 110g ;1; $ 14.200,00 
;;Mala Fama Triple 330g ;3; $ 61.500,00 
;;Nugget's X6 ;; $ 16.000,00 
;;Papas con Cheddar;3; $ 40.500,00 
;;PAPAS QUEEN;1; $ 8.800,00 
;;Papas Queen ;; $ 25.600,00 
;;PROMO 1 -- 4 X Classic simple;4; $ 108.400,00 
;;PROMO 2-- 2 x Charly doble ;4; $ 94.800,00 
;;Red Hot DOBLE;1; $ 15.800,00 
;;RESIDENTE DOBLE;1; $ 17.200,00 
;;RIHANNA ;2; $ 21.000,00 
;;Rolling Stone Doble 220g;1; $ 15.300,00 
;;Duko Simple;3; $ 39.300,00 
;;Duko Doble;2; $ 32.200,00 
;;Duko Triple 330g ;2; $ 38.800,00 
;;ENVIO 2500;; $ 2.500,00 
18/3/2026;393710;ACDC Doble;1; $ 16.200,00 
;;ACDC Simple ;1; $ 13.200,00 
;;Charly Doble 220g ;1; $ 14.700,00 
;;Charly Simple 110g;1; $ 11.700,00 
;;Clasic Doble 220g;3; $ 42.300,00 
;;Clasic Simple 110g ;3; $ 33.300,00 
;;Clasic Triple 330g;1; $ 17.400,00 
;;ENVIO;; $ 5.200,00 
;;LATA Coca-Cola 357cc;1; $ 2.500,00 
;;LATA SPRITE ;1; $ 2.500,00 
;;Mala Fama Simple 110g ;2; $ 28.400,00 
;;MESA;;
;;Papas con Cheddar;; $ 7.200,00 
;;Papas Queen ;; $ 9.600,00 
;;PROMO 2-- 2 x Charly doble ;1; $ 23.700,00 
;;RESIDENTE DOBLE;1; $ 17.200,00 
;;Duko Doble;1; $ 16.100,00 
